key_mlbam,name_last,name_first,mlb_played_first,mlb_played_last
472551.0,Abad,Fernando,2010.0,2019.0
656061.0,Abreu,Albert,2020.0,2020.0
650556.0,Abreu,Bryan,2019.0,2020.0
547989.0,Abreu,José,2014.0,2020.0
660670.0,Acuna,Ronald,2018.0,2020.0
592094.0,Adam,Jason,2018.0,2020.0
542436.0,Adames,Cristhian,2014.0,2019.0
642715.0,Adames,Willy,2018.0,2020.0
613534.0,Adams,Austin,2017.0,2020.0
542866.0,Adams,Austin,2014.0,2019.0
664856.0,Adams,Chance,2018.0,2020.0
572669.0,Adams,Lane,2014.0,2018.0
571431.0,Adams,Matt,2012.0,2020.0
451192.0,Adduci,Jim,2013.0,2019.0
666176.0,Adell,Jo,2020.0,2020.0
534947.0,Adleman,Tim,2016.0,2017.0
501303.0,Adrianza,Ehire,2013.0,2020.0
642607.0,Agrazal,Dario,2019.0,2019.0
542583.0,Aguilar,Jesus,2014.0,2020.0
605113.0,Ahmed,Nick,2014.0,2020.0
669211.0,Akin,Keegan,2020.0,2020.0
673451.0,Akiyama,Shogo,2020.0,2020.0
595798.0,Alaniz,R. J.,2019.0,2019.0
452027.0,Albers,Andrew,2013.0,2017.0
458006.0,Albers,Matt,2006.0,2019.0
593643.0,Alberto,Hanser,2015.0,2020.0
645277.0,Albies,Ozzie,2017.0,2020.0
456379.0,Alburquerque,Al,2011.0,2017.0
660896.0,Alcala,Jorge,2019.0,2020.0
570489.0,Alcantara,Arismendy,2014.0,2017.0
593417.0,Alcantara,Raul,2016.0,2017.0
645261.0,Alcantara,Sandy,2017.0,2020.0
642727.0,Alcantara,Sergio,2020.0,2020.0
622505.0,Alcantara,Victor,2017.0,2019.0
518397.0,Alexander,Scott,2015.0,2020.0
641302.0,Alexander,Tyler,2019.0,2020.0
595751.0,Alfaro,Jorge,2016.0,2020.0
546990.0,Alford,Anthony,2017.0,2020.0
663465.0,Allard,Kolby,2018.0,2020.0
664119.0,Allen,Austin,2019.0,2020.0
592102.0,Allen,Cody,2012.0,2019.0
656185.0,Allen,Greg,2017.0,2020.0
663531.0,Allen,Logan,2019.0,2020.0
501659.0,Almonte,Abraham,2013.0,2020.0
602083.0,Almonte,Miguel,2015.0,2018.0
622075.0,Almonte,Yency,2018.0,2020.0
546991.0,Almora,Albert,2016.0,2020.0
624413.0,Alonso,Pete,2019.0,2020.0
475174.0,Alonso,Yonder,2010.0,2019.0
656186.0,Altavilla,Dan,2016.0,2020.0
571437.0,Altherr,Aaron,2014.0,2019.0
514888.0,Altuve,Jose,2011.0,2020.0
621237.0,Alvarado,Jose,2017.0,2020.0
516714.0,Alvarez,Dario,2014.0,2017.0
657193.0,Alvarez,Eddy,2020.0,2020.0
506693.0,Alvarez,Henderson,2011.0,2017.0
501625.0,Alvarez,Jose,2013.0,2020.0
476883.0,Alvarez,Pedro,2010.0,2018.0
670541.0,Álvarez,Yordan,2019.0,2020.0
640470.0,Alzolay,Adbert,2019.0,2020.0
506560.0,Amarista,Alexi,2011.0,2017.0
474463.0,Anderson,Brett,2009.0,2020.0
605119.0,Anderson,Brian,2017.0,2020.0
502624.0,Anderson,Chase,2014.0,2020.0
594736.0,Anderson,Cody,2015.0,2019.0
623454.0,Anderson,Drew,2017.0,2020.0
666120.0,Anderson,Ian,2020.0,2020.0
605121.0,Anderson,Justin,2018.0,2019.0
623433.0,Anderson,Nick,2019.0,2020.0
641312.0,Anderson,Shaun,2019.0,2020.0
664196.0,Anderson,Tanner,2018.0,2019.0
641313.0,Anderson,Tim,2016.0,2020.0
542881.0,Anderson,Tyler,2016.0,2020.0
607430.0,Andreoli,John,2018.0,2018.0
542882.0,Andriese,Matt,2015.0,2020.0
462101.0,Andrus,Elvis,2009.0,2020.0
609280.0,Andujar,Miguel,2017.0,2020.0
622088.0,Antone,Tejay,2020.0,2020.0
493114.0,Aoki,Nori,2012.0,2017.0
665947.0,Apostel,Sherten,2020.0,2020.0
606157.0,Aquino,Aristides,2018.0,2020.0
593969.0,Aquino,Jayson,2016.0,2017.0
644364.0,Arano,Victor,2017.0,2019.0
606478.0,Araujo,Pedro,2018.0,2019.0
660620.0,Arauz,Jonathan,2020.0,2020.0
502042.0,Archer,Chris,2012.0,2019.0
516472.0,Arcia,Francisco,2018.0,2018.0
606115.0,Arcia,Orlando,2016.0,2020.0
571448.0,Arenado,Nolan,2013.0,2020.0
660494.0,Armenteros,Rogelio,2019.0,2019.0
542888.0,Armstrong,Shawn,2015.0,2020.0
668227.0,Arozarena,Randy,2019.0,2020.0
650333.0,Arraez,Luis,2019.0,2020.0
453562.0,Arrieta,Jake,2010.0,2020.0
276520.0,Arroyo,Bronson,2000.0,2017.0
624414.0,Arroyo,Christian,2017.0,2020.0
600858.0,Arteaga,Humberto,2019.0,2019.0
605125.0,Asche,Cody,2013.0,2017.0
594742.0,Asher,Alec,2015.0,2018.0
592120.0,Astin,Barrett,2017.0,2017.0
553902.0,Astudillo,Willians,2018.0,2020.0
641319.0,Asuaje,Carlos,2016.0,2018.0
592122.0,Austin,Tyler,2016.0,2019.0
623214.0,Avelino,Abiatal,2018.0,2019.0
488671.0,Avila,Alex,2009.0,2020.0
658648.0,Avila,Pedro,2019.0,2019.0
501593.0,Avilan,Luis,2012.0,2020.0
449107.0,Aviles,Mike,2008.0,2017.0
446099.0,Axford,John,2009.0,2018.0
430947.0,Aybar,Erick,2006.0,2017.0
621290.0,Bacus,Dakota,2020.0,2020.0
664056.0,Bader,Harrison,2017.0,2020.0
595879.0,Baez,Javier,2014.0,2020.0
673258.0,Báez,Michel,2019.0,2020.0
520980.0,Baez,Pedro,2014.0,2020.0
622783.0,Baez,Sandy,2018.0,2019.0
457732.0,Bailey,Andrew,2009.0,2017.0
669064.0,Bailey,Brandon,2020.0,2020.0
456701.0,Bailey,Homer,2007.0,2020.0
607455.0,Banda,Anthony,2017.0,2020.0
542908.0,Bandy,Jett,2015.0,2018.0
544365.0,Banuelos,Manny,2015.0,2019.0
670056.0,Baragar,Caleb,2020.0,2020.0
592127.0,Barbato,Johnny,2016.0,2018.0
453268.0,Bard,Daniel,2009.0,2020.0
572703.0,Bard,Luke,2018.0,2020.0
605130.0,Barlow,Scott,2018.0,2020.0
605131.0,Barnes,Austin,2015.0,2020.0
488681.0,Barnes,Brandon,2012.0,2018.0
592130.0,Barnes,Danny,2016.0,2018.0
606930.0,Barnes,Jacob,2016.0,2020.0
598264.0,Barnes,Matt,2014.0,2020.0
501817.0,Barnette,Tony,2016.0,2019.0
446381.0,Barney,Darwin,2010.0,2017.0
571466.0,Barnhart,Tucker,2014.0,2020.0
571467.0,Baron,Steven,2015.0,2019.0
607457.0,Barraclough,Kyle,2015.0,2019.0
668663.0,Barrera,Tres,2019.0,2019.0
620439.0,Barreto,Franklin,2017.0,2020.0
502578.0,Barrett,Aaron,2014.0,2020.0
545332.0,Barrett,Jake,2016.0,2019.0
642545.0,Barria,Jaime,2018.0,2020.0
663698.0,Bart,Joey,2020.0,2020.0
642772.0,Basabe,Luis Alexander,2020.0,2020.0
641341.0,Bashlor,Tyler,2018.0,2020.0
542914.0,Bass,Anthony,2011.0,2020.0
605135.0,Bassitt,Chris,2014.0,2020.0
455374.0,Bastardo,Antonio,2009.0,2017.0
545333.0,Bauer,Trevor,2012.0,2020.0
641343.0,Bauers,Jake,2018.0,2019.0
571473.0,Baumann,Buddy,2016.0,2018.0
639373.0,Bautista,Gerson,2018.0,2019.0
430832.0,Bautista,Jose,2004.0,2018.0
622441.0,Bautista,Rafael,2017.0,2018.0
676886.0,Beasley,Jeremy,2020.0,2020.0
474039.0,Beato,Pedro,2011.0,2017.0
607461.0,Beaty,Matt,2019.0,2020.0
571476.0,Beck,Chris,2015.0,2018.0
493596.0,Beckham,Gordon,2009.0,2019.0
542921.0,Beckham,Tim,2013.0,2019.0
670280.0,Bednar,David,2019.0,2020.0
592135.0,Bedrosian,Cam,2014.0,2020.0
595881.0,Beede,Tyler,2018.0,2019.0
656222.0,Beeks,Jalen,2018.0,2020.0
279571.0,Belisle,Matt,2003.0,2018.0
542924.0,Beliveau,Jeff,2012.0,2018.0
518445.0,Bell,Chad,2017.0,2018.0
605137.0,Bell,Josh,2016.0,2020.0
641355.0,Bellinger,Cody,2017.0,2020.0
474832.0,Belt,Brandon,2011.0,2020.0
136860.0,Beltran,Carlos,1998.0,2017.0
134181.0,Beltre,Adrian,1998.0,2018.0
621532.0,Bemboom,Anthony,2019.0,2020.0
643217.0,Benintendi,Andrew,2016.0,2020.0
605138.0,Benjamin,Wes,2020.0,2020.0
276542.0,Benoit,Joaquin,2001.0,2017.0
664157.0,Bergen,Travis,2019.0,2020.0
548357.0,Bergman,Christian,2014.0,2018.0
621244.0,Berrios,Jose,2016.0,2020.0
450641.0,Berry,Quintin,2012.0,2017.0
542932.0,Berti,Jon,2018.0,2020.0
476454.0,Betances,Dellin,2011.0,2020.0
542194.0,Bethancourt,Christian,2013.0,2017.0
518452.0,Bettis,Chad,2013.0,2019.0
605141.0,Betts,Mookie,2014.0,2020.0
607352.0,Biagini,Joe,2016.0,2020.0
502212.0,Bibens-Dirkx,Austin,2017.0,2018.0
666182.0,Bichette,Bo,2019.0,2020.0
641360.0,Bickford,Phil,2020.0,2020.0
592145.0,Biddle,Jesse,2018.0,2020.0
669456.0,Bieber,Shane,2018.0,2020.0
656232.0,Bielak,Brandon,2020.0,2020.0
624415.0,Biggio,Cavan,2019.0,2020.0
595885.0,Bird,Greg,2015.0,2019.0
613317.0,Bird,Kyle,2019.0,2019.0
623323.0,Bishop,Braden,2019.0,2020.0
621389.0,Blach,Ty,2016.0,2019.0
605143.0,Black,Ray,2018.0,2020.0
621112.0,Blackburn,Paul,2017.0,2020.0
453568.0,Blackmon,Charlie,2011.0,2020.0
594760.0,Blair,Aaron,2016.0,2017.0
433217.0,Blanco,Andres,2004.0,2017.0
453923.0,Blanco,Gregor,2008.0,2018.0
607468.0,Blandino,Alex,2018.0,2019.0
663905.0,Blankenhorn,Travis,2020.0,2020.0
430599.0,Blanton,Joe,2004.0,2017.0
518466.0,Blash,Jabari,2016.0,2018.0
518468.0,Blazek,Michael,2013.0,2019.0
542946.0,Bleich,Jeremy,2018.0,2018.0
542947.0,Bleier,Richard,2016.0,2020.0
460283.0,Blevins,Jerry,2007.0,2019.0
656240.0,Blewett,Scott,2020.0,2020.0
593428.0,Bogaerts,Xander,2013.0,2020.0
664761.0,Bohm,Alec,2020.0,2020.0
671790.0,Bolanos,Ronald,2019.0,2020.0
502211.0,Bolsinger,Mike,2014.0,2017.0
621450.0,Bolt,Skye,2019.0,2019.0
466988.0,Bonifacio,Emilio,2007.0,2020.0
593528.0,Bonifacio,Jorge,2017.0,2020.0
570810.0,Bonilla,Lisalverto,2014.0,2017.0
657524.0,Bormann,John,2017.0,2017.0
621366.0,Borucki,Ryan,2018.0,2020.0
542953.0,Boshers,Buddy,2013.0,2019.0
607471.0,Bostick,Christopher,2017.0,2018.0
623520.0,Bote,David,2018.0,2020.0
571506.0,Bour,Justin,2014.0,2019.0
488721.0,Bourjos,Peter,2010.0,2019.0
630263.0,Bourque,James,2019.0,2020.0
621199.0,Bowman,Matthew,2016.0,2019.0
502202.0,Boxberger,Brad,2012.0,2020.0
571510.0,Boyd,Matt,2015.0,2020.0
430641.0,Boyer,Blaine,2005.0,2018.0
542960.0,Brach,Brad,2011.0,2020.0
611093.0,Bracho,Silvino,2015.0,2020.0
607473.0,Bradford,Chase,2017.0,2019.0
605151.0,Bradley,Archie,2015.0,2020.0
656252.0,Bradley,Bobby,2019.0,2019.0
598265.0,Bradley,Jackie,2013.0,2020.0
572728.0,Brady,Michael,2017.0,2017.0
488726.0,Brantley,Michael,2009.0,2020.0
542963.0,Brantly,Rob,2012.0,2020.0
518489.0,Brasier,Ryan,2013.0,2020.0
643230.0,Brault,Steven,2016.0,2020.0
460075.0,Braun,Ryan,2007.0,2020.0
664069.0,Braymer,Ben,2020.0,2020.0
605154.0,Brebbia,John,2017.0,2019.0
608324.0,Bregman,Alex,2016.0,2020.0
592165.0,Brennan,Brandon,2019.0,2020.0
444520.0,Breslow,Craig,2005.0,2017.0
605155.0,Brewer,Colten,2018.0,2020.0
592169.0,Brice,Austin,2016.0,2020.0
593993.0,Briceno,Jose,2018.0,2020.0
592170.0,Bridwell,Parker,2016.0,2018.0
656257.0,Brigham,Jeff,2018.0,2020.0
621446.0,Brinson,Lewis,2017.0,2020.0
593647.0,Brito,Socrates,2015.0,2019.0
502154.0,Britton,Zack,2011.0,2020.0
641401.0,Brogdon,Connor,2020.0,2020.0
605156.0,Brooks,Aaron,2014.0,2019.0
670712.0,Brosseau,Mike,2019.0,2020.0
571521.0,Brothers,Rex,2011.0,2020.0
664913.0,Brown,Seth,2019.0,2020.0
455009.0,Broxton,Jonathan,2005.0,2017.0
542979.0,Broxton,Keon,2015.0,2019.0
664141.0,Brubaker,JT,2020.0,2020.0
457803.0,Bruce,Jay,2008.0,2020.0
595144.0,Brugman,Jaycob,2017.0,2017.0
592178.0,Bryant,Kris,2015.0,2020.0
663460.0,Bubic,Kris,2020.0,2020.0
594772.0,Buchanan,Jake,2014.0,2017.0
453329.0,Buchholz,Clay,2007.0,2019.0
488748.0,Buchter,Ryan,2014.0,2020.0
621111.0,Buehler,Walker,2017.0,2020.0
518516.0,Bumgarner,Madison,2009.0,2020.0
607481.0,Bummer,Aaron,2017.0,2020.0
605164.0,Bundy,Dylan,2012.0,2020.0
595897.0,Burdi,Nick,2018.0,2020.0
641420.0,Burdi,Zack,2020.0,2020.0
656271.0,Burke,Brock,2019.0,2019.0
669203.0,Burnes,Corbin,2018.0,2020.0
542993.0,Burns,Billy,2014.0,2017.0
621114.0,Burr,Ryan,2018.0,2019.0
663366.0,Burrows,Beau,2020.0,2020.0
641427.0,Busenitz,Alan,2017.0,2018.0
456713.0,Bush,Matt,2016.0,2018.0
460077.0,Butera,Drew,2010.0,2020.0
576788.0,Butler,Dan,2014.0,2018.0
572750.0,Butler,Eddie,2014.0,2018.0
621142.0,Buttrey,Ty,2018.0,2020.0
621439.0,Buxton,Byron,2015.0,2020.0
452678.0,Cabrera,Asdrubal,2007.0,2020.0
650893.0,Cabrera,Genesis,2019.0,2020.0
466320.0,Cabrera,Melky,2005.0,2019.0
408234.0,Cabrera,Miguel,2003.0,2020.0
502239.0,Cahill,Trevor,2009.0,2020.0
456715.0,Cain,Lorenzo,2010.0,2020.0
430912.0,Cain,Matt,2005.0,2017.0
594777.0,Calhoun,Kole,2012.0,2020.0
641432.0,Calhoun,Willie,2017.0,2020.0
593525.0,Calixte,Orlando,2015.0,2017.0
621094.0,Callahan,Jamie,2017.0,2017.0
622666.0,Camargo,Johan,2017.0,2020.0
663662.0,Cameron,Daz,2020.0,2020.0
599998.0,Campos,Leonel,2014.0,2017.0
669134.0,Campusano,Luis,2020.0,2020.0
600869.0,Candelario,Jeimer,2016.0,2020.0
592192.0,Canha,Mark,2015.0,2020.0
656288.0,Canning,Griffin,2019.0,2020.0
429664.0,Cano,Robinson,2005.0,2020.0
605169.0,Capps,Carter,2012.0,2017.0
571539.0,Carasiti,Matt,2016.0,2019.0
605170.0,Caratini,Victor,2017.0,2020.0
506924.0,Cardullo,Stephen,2016.0,2017.0
641438.0,Carle,Shane,2017.0,2019.0
666185.0,Carlson,Dylan,2020.0,2020.0
502304.0,Carpenter,David,2011.0,2019.0
572761.0,Carpenter,Matt,2011.0,2020.0
543001.0,Carpenter,Ryan,2018.0,2019.0
471911.0,Carrasco,Carlos,2009.0,2020.0
485567.0,Carrera,Ezequiel,2011.0,2017.0
606944.0,Carroll,Cody,2018.0,2020.0
474892.0,Carter,Chris,2010.0,2017.0
592200.0,Casali,Curt,2014.0,2020.0
488768.0,Cashner,Andrew,2010.0,2019.0
433586.0,Casilla,Santiago,2004.0,2018.0
641447.0,Castano,Daniel,2020.0,2020.0
624418.0,Castellani,Ryan,2020.0,2020.0
528748.0,Castellanos,Humberto,2020.0,2020.0
592206.0,Castellanos,Nick,2013.0,2020.0
650895.0,Castillo,Diego,2018.0,2020.0
503566.0,Castillo,Fabio,2017.0,2017.0
620454.0,Castillo,Jose,2018.0,2019.0
622491.0,Castillo,Luis,2017.0,2020.0
456078.0,Castillo,Welington,2010.0,2019.0
446868.0,Castillo,Wilkin,2008.0,2019.0
621593.0,Castro,Anthony,2020.0,2020.0
593495.0,Castro,Daniel,2015.0,2018.0
605612.0,Castro,Harold,2018.0,2020.0
488771.0,Castro,Jason,2010.0,2020.0
612434.0,Castro,Miguel,2015.0,2020.0
501563.0,Castro,Simon,2013.0,2017.0
516770.0,Castro,Starlin,2010.0,2020.0
650489.0,Castro,Willi,2019.0,2020.0
595909.0,Cave,Jake,2018.0,2020.0
656302.0,Cease,Dylan,2019.0,2020.0
608325.0,Cecchini,Gavin,2016.0,2017.0
446399.0,Cecil,Brett,2009.0,2018.0
571553.0,Ceciliani,Darrell,2015.0,2017.0
458584.0,Cedeno,Xavier,2011.0,2019.0
664977.0,Cederlind,Blake,2020.0,2020.0
518542.0,Centeno,Juan,2013.0,2019.0
465041.0,Cervelli,Francisco,2008.0,2020.0
543017.0,Cervenka,Hunter,2016.0,2017.0
493316.0,Céspedes,Yoenis,2012.0,2020.0
570666.0,Cessa,Luis,2016.0,2020.0
591701.0,Chacin,Alejandro,2017.0,2017.0
468504.0,Chacin,Jhoulys,2009.0,2020.0
605177.0,Chafin,Andrew,2014.0,2020.0
644374.0,Chang,Yu,2019.0,2020.0
547973.0,Chapman,Aroldis,2010.0,2020.0
656305.0,Chapman,Matt,2017.0,2020.0
608638.0,Chargois,J. T.,2016.0,2019.0
543022.0,Chatwood,Tyler,2011.0,2020.0
445926.0,Chavez,Jesse,2008.0,2020.0
656308.0,Chavis,Michael,2019.0,2020.0
612672.0,Chen,Wei-Yin,2012.0,2019.0
455139.0,Chirinos,Robinson,2011.0,2020.0
630023.0,Chirinos,Yonny,2018.0,2020.0
502082.0,Chisenhall,Lonnie,2011.0,2018.0
665862.0,Chisholm,Jazz,2020.0,2020.0
596847.0,Choi,Ji-Man,2016.0,2020.0
425783.0,Choo,Shin-Soo,2005.0,2020.0
643256.0,Cimber,Adam,2018.0,2020.0
571561.0,Cingrani,Tony,2012.0,2018.0
518553.0,Cishek,Steve,2010.0,2020.0
542585.0,Cisnero,Jose,2013.0,2020.0
624419.0,Ciuffo,Nick,2018.0,2019.0
650644.0,Civale,Aaron,2019.0,2020.0
502011.0,Claiborne,Preston,2013.0,2017.0
664199.0,Clarke,Taylor,2019.0,2020.0
661403.0,Clase,Emmanuel,2019.0,2019.0
592222.0,Claudio,Alex,2014.0,2020.0
664076.0,Cleavinger,Garrett,2020.0,2020.0
605182.0,Clevinger,Mike,2016.0,2020.0
461325.0,Clippard,Tyler,2007.0,2020.0
543031.0,Cloyd,Tyler,2012.0,2018.0
502171.0,Cobb,Alex,2011.0,2020.0
621129.0,Cody,Kyle,2020.0,2020.0
458085.0,Coghlan,Chris,2009.0,2017.0
595918.0,Cole,A. J.,2015.0,2020.0
543037.0,Cole,Gerrit,2013.0,2020.0
518566.0,Cole,Taylor,2017.0,2019.0
543038.0,Coleman,Dusty,2015.0,2017.0
488786.0,Coleman,Louis,2011.0,2018.0
666674.0,Colina,Edwar,2020.0,2020.0
525768.0,Collins,Tim,2011.0,2019.0
607385.0,Collins,Tyler,2014.0,2017.0
641470.0,Collins,Zack,2019.0,2020.0
518567.0,Collmenter,Josh,2011.0,2017.0
517008.0,Colome,Alex,2013.0,2020.0
112526.0,Colon,Bartolo,1997.0,2018.0
518568.0,Colon,Christian,2014.0,2020.0
624424.0,Conforto,Michael,2015.0,2020.0
543045.0,Conley,Adam,2015.0,2019.0
664869.0,Conlon,P. J.,2018.0,2018.0
661388.0,Contreras,William,2020.0,2020.0
575929.0,Contreras,Willson,2016.0,2020.0
475857.0,Cook,Ryan,2011.0,2018.0
656322.0,Coonrod,Sam,2019.0,2020.0
643265.0,Cooper,Garrett,2017.0,2020.0
571577.0,Copeland,Scott,2015.0,2018.0
571578.0,Corbin,Patrick,2012.0,2020.0
542289.0,Corcino,Daniel,2014.0,2018.0
641477.0,Cordell,Ryan,2018.0,2020.0
614173.0,Cordero,Franchy,2017.0,2020.0
622772.0,Cordero,Jimmy,2018.0,2020.0
642707.0,Cordoba,Allen,2017.0,2017.0
621043.0,Correa,Carlos,2015.0,2020.0
641482.0,Cortes,Nestor,2018.0,2020.0
543054.0,Cosart,Jarred,2013.0,2017.0
605194.0,Cotton,Jharel,2016.0,2017.0
543056.0,Coulombe,Danny,2014.0,2020.0
606956.0,Court,Ryan,2019.0,2019.0
592229.0,Covey,Dylan,2017.0,2020.0
592230.0,Cowart,Kaleb,2015.0,2019.0
446359.0,Cozart,Zack,2011.0,2019.0
622226.0,Cozens,Dylan,2018.0,2019.0
643269.0,Craig,Will,2020.0,2020.0
543063.0,Crawford,Brandon,2011.0,2020.0
641487.0,Crawford,J. P.,2017.0,2020.0
592233.0,Crichton,Stefan,2017.0,2020.0
605195.0,Crick,Kyle,2017.0,2020.0
622503.0,Crismatt,Nabil,2020.0,2020.0
676979.0,Crochet,Garrett,2020.0,2020.0
641490.0,Crockett,Kyle,2014.0,2018.0
543068.0,Cron,C. J.,2014.0,2020.0
605196.0,Cron,Kevin,2019.0,2020.0
630105.0,Cronenworth,Jake,2020.0,2020.0
640444.0,Crowe,Wil,2020.0,2020.0
672911.0,Cruz,Jesus,2020.0,2020.0
443558.0,Cruz,Nelson,2005.0,2020.0
462480.0,Cruz,Rhiner,2012.0,2018.0
488810.0,Cruz,Tony,2011.0,2018.0
456501.0,Cueto,Johnny,2008.0,2020.0
571595.0,Cuevas,Noel,2018.0,2019.0
571035.0,Cuevas,William,2016.0,2018.0
518586.0,Culberson,Charlie,2012.0,2020.0
592238.0,Cumpton,Brandon,2013.0,2018.0
657205.0,Curtis,Zac,2016.0,2018.0
595928.0,Curtiss,John,2017.0,2020.0
596144.0,Cuthbert,Cheslor,2015.0,2020.0
488818.0,d'Arnaud,Chase,2011.0,2018.0
518595.0,d'Arnaud,Travis,2013.0,2020.0
621311.0,Dahl,David,2016.0,2020.0
666915.0,Dalbec,Bobby,2020.0,2020.0
641501.0,Danish,Tyler,2016.0,2018.0
506433.0,Darvish,Yu,2012.0,2020.0
571602.0,Davidson,Matt,2013.0,2020.0
656353.0,Davidson,Tucker,2020.0,2020.0
605200.0,Davies,Zach,2015.0,2020.0
656354.0,Davis,Austin,2018.0,2020.0
448801.0,Davis,Chris,2008.0,2020.0
605204.0,Davis,J. D.,2017.0,2020.0
664041.0,Davis,Jaylin,2019.0,2020.0
643275.0,Davis,Johnny,2019.0,2019.0
641505.0,Davis,Jonathan,2018.0,2020.0
501981.0,Davis,Khris,2013.0,2020.0
434658.0,Davis,Rajai,2006.0,2019.0
606959.0,Davis,Rookie,2017.0,2019.0
543089.0,Davis,Taylor,2017.0,2019.0
451584.0,Davis,Wade,2009.0,2020.0
594795.0,Dayton,Grant,2016.0,2020.0
602074.0,Daza,Yonathan,2019.0,2019.0
457477.0,De Aza,Alejandro,2007.0,2017.0
608328.0,De Jong,Chase,2017.0,2020.0
407822.0,De La Rosa,Jorge,2004.0,2018.0
523989.0,De La Rosa,Rubby,2011.0,2017.0
592254.0,De Leon,Jose,2016.0,2020.0
660853.0,De Los Santos,Enyel,2018.0,2019.0
621573.0,Dean,Austin,2018.0,2020.0
543094.0,Decker,Jaff,2013.0,2017.0
657209.0,Deetz,Dean,2018.0,2018.0
594798.0,deGrom,Jacob,2014.0,2020.0
657557.0,DeJong,Paul,2017.0,2020.0
600887.0,Del Pozo,Miguel,2019.0,2020.0
517414.0,Delgado,Randall,2011.0,2018.0
547170.0,Delmonico,Nick,2017.0,2020.0
641513.0,Demeritte,Travis,2019.0,2020.0
544925.0,den Dekker,Matt,2013.0,2018.0
571616.0,Dermody,Matt,2016.0,2020.0
518614.0,Descalso,Daniel,2010.0,2019.0
543101.0,DeSclafani,Anthony,2014.0,2020.0
592261.0,DeShields,Delino,2015.0,2020.0
435622.0,Desmond,Ian,2009.0,2019.0
628333.0,Despaigne,Odrisamer,2014.0,2019.0
446321.0,Detwiler,Ross,2007.0,2020.0
606965.0,Devenski,Chris,2016.0,2020.0
646240.0,Devers,Rafael,2017.0,2020.0
649557.0,Díaz,Aledmys,2016.0,2020.0
500765.0,Diaz,Dayan,2016.0,2017.0
621242.0,Diaz,Edwin,2016.0,2020.0
553869.0,Diaz,Elias,2015.0,2020.0
656371.0,Diaz,Isan,2019.0,2020.0
545064.0,Diaz,Jairo,2014.0,2020.0
471822.0,Diaz,Jumbo,2014.0,2017.0
650331.0,Diaz,Lewin,2020.0,2020.0
622766.0,Diaz,Miguel,2017.0,2019.0
650490.0,Díaz,Yandy,2017.0,2020.0
660546.0,Diaz,Yennsy,2019.0,2019.0
543105.0,Dickerson,Alex,2015.0,2020.0
572816.0,Dickerson,Corey,2013.0,2020.0
285079.0,Dickey,R. A.,2001.0,2017.0
607297.0,Dickson,O'Koyea,2017.0,2017.0
670426.0,Diehl,Phillip,2019.0,2020.0
518617.0,Diekman,Jake,2012.0,2020.0
518618.0,Dietrich,Derek,2013.0,2020.0
594694.0,Difo,Wilmer,2015.0,2020.0
664926.0,Dini,Nick,2019.0,2019.0
641525.0,Dixon,Brandon,2018.0,2020.0
677976.0,Dobnak,Randy,2019.0,2020.0
503569.0,Dolis,Rafael,2011.0,2020.0
622554.0,Dominguez,Seranthony,2018.0,2019.0
518626.0,Donaldson,Josh,2010.0,2020.0
448281.0,Doolittle,Sean,2012.0,2020.0
664871.0,Dowdy,Kyle,2019.0,2019.0
656382.0,Doyle,Tommy,2020.0,2020.0
572821.0,Dozier,Brian,2012.0,2020.0
641531.0,Dozier,Hunter,2016.0,2020.0
543118.0,Drake,Oliver,2015.0,2020.0
452220.0,Drew,Stephen,2006.0,2017.0
592273.0,Drury,Brandon,2015.0,2020.0
643289.0,Dubon,Mauricio,2019.0,2020.0
446263.0,Duda,Lucas,2010.0,2019.0
488846.0,Duensing,Brian,2009.0,2018.0
608648.0,Duffey,Tyler,2015.0,2020.0
518633.0,Duffy,Danny,2011.0,2020.0
622110.0,Duffy,Matt,2014.0,2019.0
621453.0,Duggar,Steven,2018.0,2020.0
667498.0,Dugger,Robert,2019.0,2020.0
435043.0,Duke,Zach,2005.0,2019.0
623430.0,Dull,Ryan,2015.0,2019.0
643290.0,Dunn,Justin,2019.0,2020.0
445197.0,Dunn,Mike,2009.0,2019.0
641540.0,Dunning,Dane,2020.0,2020.0
641541.0,Duplantier,Jon,2019.0,2019.0
657566.0,DuRapau,Montana,2019.0,2019.0
594807.0,Duvall,Adam,2014.0,2020.0
502481.0,Dyson,Jarrod,2010.0,2020.0
473879.0,Dyson,Sam,2012.0,2019.0
592280.0,Eades,Ryan,2019.0,2019.0
594809.0,Eaton,Adam,2012.0,2020.0
572831.0,Edgin,Josh,2012.0,2017.0
669242.0,Edman,Tommy,2019.0,2020.0
605218.0,Edwards,Carl,2015.0,2020.0
457754.0,Edwards,Jon,2014.0,2019.0
621107.0,Eflin,Zach,2016.0,2020.0
518649.0,Eibner,Brett,2016.0,2020.0
595191.0,Eickhoff,Jerad,2015.0,2019.0
606273.0,Elias,Roenis,2014.0,2019.0
676220.0,Elledge,Seth,2020.0,2020.0
623395.0,Ellington,Brian,2015.0,2017.0
454560.0,Ellis,A. J.,2008.0,2018.0
595939.0,Ellis,Chris,2019.0,2019.0
453056.0,Ellsbury,Jacoby,2007.0,2017.0
518653.0,Elmore,Jake,2012.0,2019.0
429665.0,Encarnacion,Edwin,2005.0,2020.0
641553.0,Engel,Adam,2017.0,2020.0
608650.0,Enns,Dietrich,2017.0,2017.0
543135.0,Eovaldi,Nathan,2011.0,2020.0
572362.0,Erlin,Robbie,2013.0,2020.0
640447.0,Ervin,Phil,2017.0,2020.0
605222.0,Esch,Jake,2016.0,2017.0
444876.0,Escobar,Alcides,2008.0,2018.0
500871.0,Escobar,Eduardo,2011.0,2020.0
650813.0,Escobar,Luis,2019.0,2019.0
488862.0,Escobar,Yunel,2007.0,2017.0
664045.0,Eshelman,Thomas,2019.0,2020.0
669289.0,Espinal,Santiago,2020.0,2020.0
502179.0,Espino,Paolo,2017.0,2020.0
457787.0,Espinosa,Danny,2010.0,2017.0
608032.0,Estevez,Carlos,2016.0,2020.0
462136.0,Estrada,Marco,2008.0,2019.0
642731.0,Estrada,Thairo,2019.0,2020.0
444843.0,Ethier,Andre,2006.0,2017.0
663770.0,Evans,Demarcus,2020.0,2020.0
595943.0,Evans,Phillip,2017.0,2020.0
664126.0,Fairbanks,Pete,2019.0,2020.0
544727.0,Familia,Jeurys,2012.0,2020.0
607188.0,Faria,Jake,2017.0,2019.0
571656.0,Farmer,Buck,2014.0,2020.0
571657.0,Farmer,Kyle,2017.0,2020.0
543144.0,Farquhar,Danny,2011.0,2018.0
608652.0,Farrell,Luke,2017.0,2020.0
605227.0,Featherston,Taylor,2015.0,2017.0
607200.0,Fedde,Erick,2017.0,2020.0
543148.0,Federowicz,Tim,2011.0,2019.0
456387.0,Feierabend,Ryan,2006.0,2019.0
444857.0,Feldman,Scott,2005.0,2017.0
593140.0,Feliz,Michael,2015.0,2020.0
491703.0,Feliz,Neftali,2009.0,2017.0
657571.0,Ferguson,Caleb,2018.0,2020.0
622774.0,Fernandez,Jose,2018.0,2019.0
628336.0,Fernández,José,2018.0,2018.0
658551.0,Fernandez,Junior,2019.0,2020.0
594815.0,Ferrell,Jeff,2015.0,2017.0
670036.0,Festa,Matt,2018.0,2019.0
656420.0,Feyereisen,J. P.,2020.0,2020.0
608654.0,Field,Johnny,2018.0,2018.0
451661.0,Fields,Josh,2013.0,2018.0
502272.0,Fien,Casey,2009.0,2017.0
571666.0,Fiers,Mike,2011.0,2020.0
641571.0,Fillmyer,Heath,2018.0,2019.0
605232.0,Finnegan,Brandon,2014.0,2018.0
640448.0,Finnegan,Kyle,2020.0,2020.0
605233.0,Fisher,Derek,2017.0,2020.0
450729.0,Fister,Doug,2009.0,2018.0
656427.0,Flaherty,Jack,2017.0,2020.0
475247.0,Flaherty,Ryan,2012.0,2019.0
676596.0,Fleming,Josh,2020.0,2020.0
667465.0,Fletcher,Aaron,2020.0,2020.0
664058.0,Fletcher,David,2018.0,2020.0
623167.0,Flexen,Chris,2017.0,2019.0
641576.0,Flores,Bernardo,2020.0,2020.0
570717.0,Flores,Ramon,2015.0,2017.0
527038.0,Flores,Wilmer,2013.0,2020.0
664314.0,Florial,Estevan,2020.0,2020.0
465753.0,Florimon,Pedro,2011.0,2018.0
571670.0,Floro,Dylan,2016.0,2020.0
452095.0,Flowers,Tyler,2009.0,2020.0
543169.0,Flynn,Brian,2013.0,2019.0
592314.0,Foltynewicz,Mike,2014.0,2020.0
521655.0,Font,Wilmer,2012.0,2020.0
545337.0,Fontana,Nolan,2017.0,2018.0
645801.0,Ford,Mike,2019.0,2020.0
523253.0,Forsythe,Logan,2011.0,2020.0
641582.0,Foster,Matt,2020.0,2020.0
451594.0,Fowler,Dexter,2008.0,2020.0
641583.0,Fowler,Dustin,2017.0,2018.0
641584.0,Fraley,Jake,2019.0,2020.0
664034.0,France,Ty,2019.0,2020.0
575070.0,Franco,Enderson,2019.0,2019.0
596748.0,Franco,Maikel,2014.0,2020.0
545338.0,Franklin,Nick,2013.0,2018.0
571676.0,Frankoff,Seth,2017.0,2020.0
621350.0,Frare,Caleb,2018.0,2019.0
624428.0,Frazier,Adam,2016.0,2020.0
640449.0,Frazier,Clint,2017.0,2020.0
453943.0,Frazier,Todd,2011.0,2020.0
607536.0,Freeland,Kyle,2017.0,2020.0
518692.0,Freeman,Freddie,2010.0,2020.0
502273.0,Freeman,Mike,2016.0,2020.0
518693.0,Freeman,Sam,2012.0,2020.0
501896.0,Freese,David,2009.0,2019.0
571679.0,Freitas,David,2017.0,2019.0
608331.0,Fried,Max,2017.0,2020.0
457117.0,Frieri,Ernesto,2009.0,2017.0
605240.0,Fry,Jace,2017.0,2020.0
643316.0,Fry,Paul,2018.0,2020.0
518700.0,Fryer,Eric,2011.0,2017.0
658069.0,Fuentes,Josh,2019.0,2020.0
571681.0,Fuentes,Rey,2013.0,2017.0
608334.0,Fulmer,Carson,2016.0,2020.0
605242.0,Fulmer,Michael,2016.0,2020.0
608335.0,Funkhouser,Kyle,2020.0,2020.0
543193.0,Gagnon,Drew,2018.0,2019.0
502570.0,Gale,Rocky,2015.0,2019.0
595956.0,Gallagher,Cam,2017.0,2020.0
451596.0,Gallardo,Yovani,2007.0,2018.0
606149.0,Gallegos,Giovanny,2017.0,2020.0
668678.0,Gallen,Zac,2019.0,2020.0
608336.0,Gallo,Joey,2015.0,2020.0
543194.0,Galloway,Isaac,2018.0,2019.0
520471.0,Galvis,Freddy,2012.0,2020.0
592325.0,Gamel,Ben,2016.0,2020.0
607231.0,Gant,John,2016.0,2020.0
666969.0,García,Adolis,2018.0,2020.0
611177.0,Garcia,Adonis,2015.0,2017.0
605244.0,Garcia,Aramis,2018.0,2019.0
541645.0,Garcia,Avisail,2012.0,2020.0
650530.0,Garcia,Bryan,2019.0,2020.0
665620.0,Garcia,Deivi,2020.0,2020.0
658305.0,Garcia,Edgar,2019.0,2020.0
594824.0,Garcia,Greg,2014.0,2020.0
448802.0,Garcia,Jaime,2008.0,2018.0
606424.0,Garcia,Jarlin,2017.0,2020.0
676480.0,García,José,2020.0,2020.0
544725.0,Garcia,Leury,2013.0,2020.0
671277.0,Garcia,Luis,2020.0,2020.0
677651.0,Garcia,Luis,2020.0,2020.0
472610.0,Garcia,Luis,2013.0,2020.0
607162.0,García,Onelki,2013.0,2017.0
670329.0,Garcia,Rico,2019.0,2020.0
596825.0,Garcia,Robel,2019.0,2019.0
665621.0,Garcia,Rony,2020.0,2020.0
591994.0,Garcia,Willy,2017.0,2017.0
554340.0,Garcia,Yimi,2014.0,2020.0
643320.0,Gardewine,Nick,2017.0,2018.0
458731.0,Gardner,Brett,2008.0,2020.0
664247.0,Garlick,Kyle,2019.0,2020.0
572863.0,Garneau,Dustin,2015.0,2020.0
607237.0,Garrett,Amir,2017.0,2020.0
666129.0,Garrett,Braxton,2020.0,2020.0
657585.0,Garrett,Reed,2019.0,2019.0
623439.0,Garton,Ryan,2016.0,2019.0
641598.0,Garver,Mitch,2017.0,2020.0
490063.0,Garza,Matt,2006.0,2017.0
594828.0,Gattis,Evan,2013.0,2018.0
592332.0,Gausman,Kevin,2013.0,2020.0
543208.0,Gaviglio,Sam,2017.0,2020.0
518715.0,Gearrin,Cory,2011.0,2020.0
518716.0,Gee,Dillon,2010.0,2017.0
571697.0,Gennett,Scooter,2013.0,2019.0
502226.0,Gentry,Craig,2009.0,2018.0
680702.0,Gerber,Joey,2020.0,2020.0
595222.0,Gerber,Mike,2018.0,2019.0
593334.0,German,Domingo,2017.0,2019.0
543213.0,Giavotella,Johnny,2011.0,2017.0
664139.0,Gibaut,Ian,2019.0,2020.0
502043.0,Gibson,Kyle,2013.0,2020.0
571704.0,Giles,Ken,2014.0,2020.0
543216.0,Gillaspie,Conor,2008.0,2017.0
543219.0,Gilmartin,Sean,2015.0,2020.0
665926.0,Gimenez,Andres,2020.0,2020.0
460269.0,Gimenez,Chris,2009.0,2018.0
656464.0,Ginkel,Kevin,2019.0,2020.0
608337.0,Giolito,Lucas,2016.0,2020.0
571710.0,Givens,Mychal,2015.0,2020.0
607192.0,Glasnow,Tyler,2016.0,2020.0
606983.0,Glover,Koda,2016.0,2018.0
643327.0,Godley,Zack,2015.0,2020.0
592340.0,Goeddel,Erik,2014.0,2018.0
592341.0,Goforth,David,2015.0,2017.0
627894.0,Gohara,Luiz,2017.0,2018.0
572365.0,Goins,Ryan,2013.0,2020.0
643329.0,Goldberg,Brad,2017.0,2017.0
502671.0,Goldschmidt,Paul,2011.0,2020.0
596295.0,Gomber,Austin,2018.0,2020.0
543228.0,Gomes,Yan,2012.0,2020.0
460576.0,Gomez,Carlos,2007.0,2019.0
491646.0,Gomez,Jeanmar,2010.0,2019.0
622497.0,Gomez,Miguel,2017.0,2018.0
596816.0,Gomez,Roberto,2017.0,2018.0
624427.0,Gonsalves,Stephen,2018.0,2018.0
664062.0,Gonsolin,Tony,2019.0,2020.0
594835.0,Gonzales,Marco,2014.0,2020.0
408236.0,Gonzalez,Adrian,2004.0,2018.0
554054.0,Gonzalez,Alfredo,2018.0,2018.0
471865.0,Gonzalez,Carlos,2008.0,2019.0
592346.0,Gonzalez,Chi Chi,2015.0,2020.0
570481.0,Gonzalez,Erik,2016.0,2020.0
461829.0,Gonzalez,Gio,2008.0,2020.0
670768.0,Gonzalez,Luis,2020.0,2020.0
503556.0,Gonzalez,Marwin,2012.0,2020.0
642571.0,Gonzalez,Merandy,2018.0,2018.0
456068.0,Gonzalez,Miguel,2012.0,2018.0
624647.0,Gonzalez,Victor,2020.0,2020.0
592348.0,Goodrum,Niko,2017.0,2020.0
571718.0,Goodwin,Brian,2016.0,2020.0
580792.0,Goody,Nick,2015.0,2020.0
460086.0,Gordon,Alex,2007.0,2020.0
605253.0,Gore,Terrance,2014.0,2020.0
488912.0,Gosewisch,Tuffy,2013.0,2017.0
594838.0,Gosselin,Philip,2013.0,2020.0
605254.0,Gossett,Daniel,2017.0,2018.0
641627.0,Gott,Trevor,2015.0,2020.0
623485.0,Goudeau,Ashton,2020.0,2020.0
594840.0,Grace,Matt,2015.0,2020.0
518735.0,Grandal,Yasmani,2012.0,2020.0
434158.0,Granderson,Curtis,2004.0,2019.0
643335.0,Granite,Zach,2017.0,2017.0
660813.0,Graterol,Brusdar,2019.0,2020.0
492802.0,Graterol,Juan,2016.0,2019.0
608665.0,Graveman,Kendall,2014.0,2020.0
605255.0,Graves,Brett,2018.0,2018.0
592351.0,Gray,Jon,2015.0,2020.0
543243.0,Gray,Sonny,2013.0,2020.0
643338.0,Green,Chad,2016.0,2020.0
502205.0,Green,Grant,2013.0,2017.0
608339.0,Green,Zach,2019.0,2019.0
572888.0,Greene,Shane,2014.0,2020.0
502381.0,Gregerson,Luke,2009.0,2019.0
544369.0,Gregorius,Didi,2012.0,2020.0
606988.0,Greiner,Grayson,2018.0,2020.0
425844.0,Greinke,Zack,2004.0,2020.0
545341.0,Grichuk,Randal,2014.0,2020.0
456167.0,Griffin,A. J.,2012.0,2017.0
656492.0,Griffin,Foster,2020.0,2020.0
276351.0,Grilli,Jason,2000.0,2017.0
518748.0,Grimm,Justin,2012.0,2020.0
663757.0,Grisham,Trent,2019.0,2020.0
543257.0,Grossman,Robbie,2013.0,2020.0
665093.0,Grotz,Zac,2019.0,2020.0
620453.0,Grullon,Deivy,2019.0,2020.0
607229.0,Gsellman,Robert,2016.0,2020.0
594056.0,Guduan,Reymin,2017.0,2019.0
500610.0,Guerra,Deolis,2015.0,2020.0
642770.0,Guerra,Javy,2018.0,2020.0
457915.0,Guerra,Javy,2011.0,2020.0
448855.0,Guerra,Junior,2015.0,2020.0
602115.0,Guerrero,Gabriel,2018.0,2018.0
594027.0,Guerrero,Tayron,2016.0,2019.0
665489.0,Guerrero,Vladimir,2019.0,2020.0
605260.0,Guerrieri,Taylor,2018.0,2019.0
607555.0,Guilbeau,Taylor,2019.0,2020.0
641645.0,Guillorme,Luis,2018.0,2020.0
543258.0,Guilmet,Preston,2013.0,2018.0
543261.0,Gurka,Jason,2015.0,2017.0
666971.0,Gurriel,Lourdes,2018.0,2020.0
493329.0,Gurriel,Yuli,2016.0,2020.0
594311.0,Gustave,Jandel,2016.0,2019.0
425386.0,Guthrie,Jeremy,2004.0,2017.0
429711.0,Gutierrez,Franklin,2005.0,2017.0
642721.0,Gutierrez,Kelvin,2019.0,2020.0
446386.0,Guyer,Brandon,2011.0,2018.0
660422.0,Guzman,Jorge,2020.0,2020.0
608597.0,Guzman,Ronald,2018.0,2020.0
576397.0,Gyorko,Jedd,2013.0,2020.0
606992.0,Haase,Eric,2018.0,2020.0
623352.0,Hader,Josh,2017.0,2020.0
664059.0,Haggerty,Sam,2019.0,2020.0
534910.0,Hahn,Jesse,2014.0,2020.0
571735.0,Hale,David,2013.0,2020.0
595234.0,Haley,Justin,2017.0,2018.0
664180.0,Hall,Matt,2018.0,2020.0
430935.0,Hamels,Cole,2006.0,2020.0
571740.0,Hamilton,Billy,2013.0,2020.0
641656.0,Hamilton,Ian,2018.0,2020.0
434628.0,Hammel,Jason,2006.0,2018.0
670456.0,Hammer,J. D.,2019.0,2019.0
641658.0,Hampson,Garrett,2018.0,2020.0
606995.0,Hancock,Justin,2018.0,2018.0
543272.0,Hand,Brad,2011.0,2020.0
621098.0,Hanhold,Eric,2018.0,2018.0
452672.0,Hanigan,Ryan,2007.0,2017.0
571745.0,Haniger,Mitch,2016.0,2019.0
595238.0,Hannemann,Jacob,2017.0,2017.0
593700.0,Hanson,Alen,2016.0,2019.0
664023.0,Happ,Ian,2017.0,2020.0
457918.0,Happ,J. A.,2007.0,2020.0
543278.0,Hardy,Blaine,2014.0,2019.0
429666.0,Hardy,J. J.,2005.0,2017.0
547180.0,Harper,Bryce,2012.0,2020.0
607560.0,Harper,Ryne,2019.0,2020.0
449173.0,Harrell,Lucas,2010.0,2017.0
501789.0,Harris,Will,2012.0,2020.0
543281.0,Harrison,Josh,2011.0,2020.0
656509.0,Harrison,Monte,2020.0,2020.0
643354.0,Hart,Donnie,2016.0,2019.0
606996.0,Hart,Kyle,2020.0,2020.0
664129.0,Hartlieb,Geoff,2019.0,2020.0
640451.0,Harvey,Hunter,2019.0,2020.0
642840.0,Harvey,Joe,2019.0,2020.0
518774.0,Harvey,Matt,2012.0,2020.0
656514.0,Haseley,Adam,2019.0,2020.0
641672.0,Hatch,Tom,2020.0,2020.0
501822.0,Hatcher,Chris,2010.0,2018.0
623434.0,Hauschild,Mike,2017.0,2018.0
663647.0,Hayes,Ke'Bryan,2020.0,2020.0
669720.0,Hays,Austin,2017.0,2020.0
571757.0,Hazelbaker,Jeremy,2016.0,2017.0
452104.0,Headley,Chase,2007.0,2018.0
592387.0,Healy,Ryon,2016.0,2020.0
571760.0,Heaney,Andrew,2014.0,2020.0
621368.0,Hearn,Taylor,2019.0,2020.0
670084.0,Heath,Nick,2020.0,2020.0
588751.0,Hechavarria,Adeiny,2012.0,2020.0
595978.0,Hedges,Austin,2015.0,2020.0
641680.0,Heim,Jonah,2020.0,2020.0
595981.0,Heineman,Scott,2019.0,2020.0
623168.0,Heineman,Tyler,2019.0,2020.0
502317.0,Heisey,Chris,2010.0,2017.0
621294.0,Heller,Ben,2016.0,2020.0
476451.0,Hellickson,Jeremy,2010.0,2019.0
664854.0,Helsley,Ryan,2019.0,2020.0
592390.0,Hembree,Heath,2013.0,2020.0
543294.0,Hendricks,Kyle,2014.0,2020.0
521230.0,Hendriks,Liam,2011.0,2020.0
628338.0,Heredia,Guillermo,2016.0,2020.0
623474.0,Herget,Jimmy,2019.0,2020.0
641684.0,Hermosillo,Michael,2018.0,2020.0
554374.0,Hernandez,Ariel,2017.0,2017.0
672578.0,Hernandez,Carlos,2020.0,2020.0
514917.0,Hernandez,Cesar,2013.0,2020.0
650382.0,Hernandez,Darwinzon,2019.0,2020.0
456696.0,Hernandez,David,2009.0,2019.0
622694.0,Hernandez,Elieser,2018.0,2020.0
571771.0,Hernandez,Enrique,2014.0,2020.0
433587.0,Hernandez,Felix,2005.0,2019.0
491676.0,Hernandez,Gorkys,2012.0,2019.0
642546.0,Hernandez,Jonathan,2019.0,2020.0
593523.0,Hernandez,Marco,2016.0,2019.0
591712.0,Hernandez,Oscar,2015.0,2020.0
606192.0,Hernandez,Teoscar,2016.0,2020.0
628450.0,Hernández,Yadiel,2020.0,2020.0
599096.0,Herrera,Dilson,2014.0,2020.0
516969.0,Herrera,Kelvin,2011.0,2020.0
546318.0,Herrera,Odubel,2015.0,2019.0
622703.0,Herrera,Ronald,2017.0,2017.0
594011.0,Herrera,Rosell,2018.0,2019.0
543302.0,Herrmann,Chris,2012.0,2019.0
605276.0,Hess,David,2018.0,2020.0
518790.0,Heston,Chris,2014.0,2017.0
676051.0,Heuer,Codi,2020.0,2020.0
518792.0,Heyward,Jason,2010.0,2020.0
543305.0,Hicks,Aaron,2013.0,2020.0
543308.0,Hicks,John,2015.0,2019.0
663855.0,Hicks,Jordan,2018.0,2019.0
543309.0,Higashioka,Kyle,2017.0,2020.0
657610.0,Hildenberger,Trevor,2017.0,2019.0
431094.0,Hill,Aaron,2005.0,2017.0
657611.0,Hill,Cam,2020.0,2020.0
656537.0,Hill,Derek,2020.0,2020.0
448179.0,Hill,Rich,2005.0,2020.0
657612.0,Hill,Tim,2018.0,2020.0
656541.0,Hilliard,Sam,2019.0,2020.0
673633.0,Hirano,Yoshihisa,2018.0,2020.0
669374.0,Hiura,Keston,2019.0,2020.0
663538.0,Hoerner,Nico,2019.0,2020.0
656546.0,Hoffman,Jeff,2016.0,2020.0
592407.0,Holaday,Bryan,2012.0,2020.0
656547.0,Holder,Jonathan,2016.0,2020.0
502706.0,Holland,Derek,2009.0,2020.0
518813.0,Holland,Greg,2010.0,2020.0
407812.0,Holliday,Matt,2004.0,2018.0
656548.0,Holloway,Jordan,2020.0,2020.0
571787.0,Holmberg,David,2013.0,2017.0
605280.0,Holmes,Clay,2018.0,2020.0
571788.0,Holt,Brock,2012.0,2020.0
543331.0,Hoover,J. J.,2012.0,2018.0
656555.0,Hoskins,Rhys,2017.0,2020.0
543333.0,Hosmer,Eric,2011.0,2020.0
656557.0,Houck,Tanner,2020.0,2020.0
543334.0,House,T. J.,2014.0,2017.0
605288.0,Houser,Adrian,2015.0,2020.0
607572.0,Howard,Sam,2018.0,2020.0
675921.0,Howard,Spencer,2020.0,2020.0
434442.0,Howell,J. P.,2005.0,2017.0
592419.0,Hoying,Jared,2016.0,2017.0
624586.0,Hoyt,James,2016.0,2020.0
629496.0,Hu,Chih-Wei,2017.0,2018.0
658791.0,Huang,Wei-Chieh,2019.0,2019.0
641712.0,Hudson,Dakota,2018.0,2020.0
543339.0,Hudson,Daniel,2009.0,2020.0
621529.0,Hudson,Joe,2018.0,2020.0
669087.0,Huff,Sam,2020.0,2020.0
502151.0,Huffman,Chad,2010.0,2017.0
453172.0,Hughes,Jared,2011.0,2020.0
461833.0,Hughes,Phil,2007.0,2018.0
543343.0,Hultzen,Danny,2019.0,2019.0
460026.0,Hundley,Nick,2008.0,2019.0
488984.0,Hunter,Tommy,2008.0,2020.0
592422.0,Hursh,Jason,2016.0,2017.0
571800.0,Hutchison,Drew,2012.0,2018.0
666561.0,Hwang,Jae-gyun,2017.0,2017.0
455104.0,Iannetta,Chris,2006.0,2019.0
578428.0,Iglesias,José,2011.0,2020.0
628452.0,Iglesias,Raisel,2015.0,2020.0
542255.0,Inciarte,Ender,2014.0,2020.0
500872.0,Infante,Greg,2010.0,2018.0
608344.0,Irvin,Cole,2019.0,2020.0
547874.0,Iwakuma,Hisashi,2012.0,2017.0
656577.0,Jackson,Alex,2019.0,2020.0
457706.0,Jackson,Austin,2010.0,2018.0
623515.0,Jackson,Drew,2019.0,2019.0
429719.0,Jackson,Edwin,2003.0,2019.0
543351.0,Jackson,Jay,2015.0,2019.0
592426.0,Jackson,Luke,2015.0,2020.0
657624.0,James,Josh,2018.0,2020.0
457926.0,Janish,Paul,2008.0,2017.0
543357.0,Jankowski,Jordan,2017.0,2017.0
608671.0,Jankowski,Travis,2015.0,2020.0
643376.0,Jansen,Danny,2018.0,2020.0
445276.0,Jansen,Kenley,2010.0,2020.0
444379.0,Jaso,John,2008.0,2017.0
664299.0,Javier,Cristian,2020.0,2020.0
445055.0,Jay,Jon,2010.0,2020.0
594867.0,Jaye,Myles,2017.0,2017.0
641726.0,Jefferies,Daulton,2020.0,2020.0
680777.0,Jeffers,Ryan,2020.0,2020.0
502026.0,Jeffress,Jeremy,2010.0,2020.0
543359.0,Jennings,Dan,2012.0,2019.0
448178.0,Jepsen,Kevin,2008.0,2018.0
605301.0,Jerez,Williams,2018.0,2019.0
657228.0,Jewell,Jake,2018.0,2019.0
543362.0,Jimenez,A. J.,2017.0,2017.0
666204.0,Jimenez,Dany,2020.0,2020.0
621592.0,Jimenez,Eduardo,2019.0,2019.0
650391.0,Jimenez,Eloy,2019.0,2020.0
641729.0,Jimenez,Joe,2017.0,2020.0
434622.0,Jimenez,Ubaldo,2006.0,2017.0
656582.0,Joe,Connor,2019.0,2019.0
598271.0,Johnson,Brian,2015.0,2019.0
669288.0,Johnson,Daniel,2020.0,2020.0
597113.0,Johnson,DJ,2018.0,2019.0
462382.0,Johnson,Jim,2006.0,2018.0
608672.0,Johnson,Micah,2015.0,2017.0
572955.0,Johnson,Pierce,2017.0,2020.0
582473.0,Johnson,Sherman,2018.0,2018.0
430945.0,Jones,Adam,2006.0,2019.0
592444.0,Jones,JaCoby,2016.0,2020.0
663330.0,Jones,Jahmai,2020.0,2020.0
518858.0,Jones,Nate,2012.0,2020.0
624507.0,Jones,Ryder,2017.0,2018.0
622100.0,Jones,Taylor,2020.0,2020.0
602928.0,Jorge,Felix,2017.0,2017.0
543376.0,Joseph,Caleb,2014.0,2020.0
543377.0,Joseph,Corban,2013.0,2019.0
571830.0,Joseph,Tommy,2016.0,2017.0
459964.0,Joyce,Matthew,2008.0,2020.0
592450.0,Judge,Aaron,2016.0,2020.0
543380.0,Jungmann,Taylor,2015.0,2017.0
596001.0,Junis,Jakob,2017.0,2020.0
642558.0,Jurado,Ariel,2018.0,2020.0
664842.0,Kaczmarski,Kevin,2018.0,2018.0
592454.0,Kahnle,Tommy,2014.0,2020.0
641739.0,Kaminsky,Rob,2020.0,2020.0
628356.0,Kang,Jung Ho,2015.0,2019.0
621076.0,Kaprielian,James,2020.0,2020.0
675916.0,Karinchak,James,2019.0,2020.0
501992.0,Karns,Nate,2013.0,2019.0
641743.0,Kay,Anthony,2019.0,2020.0
605309.0,Kela,Keone,2015.0,2020.0
641745.0,Keller,Brad,2018.0,2020.0
664918.0,Keller,Kyle,2019.0,2020.0
656605.0,Keller,Mitch,2019.0,2020.0
518875.0,Kelley,Shawn,2009.0,2019.0
665001.0,Kelley,Trevor,2019.0,2020.0
608348.0,Kelly,Carson,2016.0,2020.0
543391.0,Kelly,Casey,2012.0,2018.0
523260.0,Kelly,Joe,2012.0,2020.0
518876.0,Kelly,Merrill,2019.0,2020.0
571841.0,Kelly,Ty,2016.0,2018.0
461314.0,Kemp,Matt,2006.0,2020.0
643393.0,Kemp,Tony,2016.0,2020.0
435062.0,Kendrick,Howie,2006.0,2020.0
452718.0,Kendrick,Kyle,2007.0,2017.0
664028.0,Kennedy,Brett,2018.0,2018.0
453178.0,Kennedy,Ian,2007.0,2020.0
596146.0,Kepler,Max,2015.0,2020.0
477132.0,Kershaw,Clayton,2008.0,2020.0
572971.0,Keuchel,Dallas,2012.0,2020.0
592464.0,Kickham,Mike,2013.0,2020.0
666198.0,Kieboom,Carter,2019.0,2020.0
571851.0,Kieboom,Spencer,2016.0,2018.0
518883.0,Kiekhefer,Dean,2016.0,2018.0
595281.0,Kiermaier,Kevin,2013.0,2020.0
579328.0,Kikuchi,Yusei,2019.0,2020.0
642584.0,Kilome,Franklyn,2020.0,2020.0
547957.0,Kim,Hyun Soo,2016.0,2017.0
547942.0,Kim,Kwang Hyun,2020.0,2020.0
518886.0,Kimbrel,Craig,2010.0,2020.0
643396.0,Kiner-Falefa,Isiah,2018.0,2020.0
667463.0,King,John,2020.0,2020.0
650633.0,King,Mike,2019.0,2020.0
664068.0,Kingery,Scott,2018.0,2020.0
592468.0,Kingham,Nick,2018.0,2019.0
641755.0,Kinley,Tyler,2018.0,2020.0
435079.0,Kinsler,Ian,2006.0,2019.0
445213.0,Kintzler,Brandon,2010.0,2020.0
543401.0,Kipnis,Jason,2011.0,2020.0
672386.0,Kirk,Alejandro,2020.0,2020.0
552640.0,Kittredge,Andrew,2017.0,2020.0
623182.0,Kivlehan,Patrick,2016.0,2018.0
571858.0,Kline,Branden,2019.0,2020.0
446372.0,Kluber,Corey,2011.0,2020.0
595284.0,Knapp,Andrew,2017.0,2020.0
608349.0,Knebel,Corey,2014.0,2020.0
668800.0,Knizner,Andrew,2019.0,2020.0
571863.0,Koch,Matt,2016.0,2019.0
543408.0,Koehler,Tom,2012.0,2017.0
592473.0,Kolarek,Adam,2017.0,2020.0
502004.0,Kontos,George,2011.0,2018.0
656629.0,Kopech,Michael,2018.0,2018.0
518902.0,Kozma,Pete,2011.0,2018.0
596012.0,Kramer,Kevin,2018.0,2019.0
456124.0,Kratz,Erik,2010.0,2020.0
607216.0,Krehbiel,Joey,2018.0,2018.0
665152.0,Kremer,Dean,2020.0,2020.0
621139.0,Kriske,Brooks,2020.0,2020.0
571871.0,Krol,Ian,2013.0,2018.0
641771.0,Kuhl,Chad,2016.0,2020.0
669270.0,Kuhnel,Joel,2019.0,2020.0
600303.0,La Stella,Tommy,2014.0,2020.0
607951.0,Labourt,Jairo,2017.0,2017.0
407793.0,Lackey,John,2002.0,2017.0
501571.0,Lagares,Juan,2013.0,2020.0
621078.0,Lail,Brady,2019.0,2020.0
664042.0,Lakins,Travis,2019.0,2020.0
534606.0,LaMarre,Ryan,2015.0,2019.0
571875.0,Lamb,Jake,2014.0,2020.0
543424.0,Lamb,John,2015.0,2018.0
669424.0,Lambert,Jimmy,2020.0,2020.0
663567.0,Lambert,Peter,2019.0,2019.0
659275.0,Lamet,Dinelson,2017.0,2020.0
502009.0,Latos,Mat,2009.0,2017.0
641778.0,Lauer,Eric,2018.0,2020.0
657656.0,Laureano,Ramon,2018.0,2020.0
543432.0,Lavarnway,Ryan,2011.0,2020.0
571882.0,Law,Derek,2016.0,2019.0
596271.0,Lawrence,Casey,2017.0,2018.0
518927.0,Layne,Tommy,2012.0,2017.0
502190.0,Leake,Mike,2010.0,2019.0
605333.0,Leathersich,Jack,2015.0,2017.0
453281.0,LeBlanc,Wade,2008.0,2020.0
600917.0,Leclerc,Jose,2016.0,2020.0
657658.0,Lee,Braxton,2018.0,2018.0
545346.0,Lee,Zach,2015.0,2017.0
605335.0,Leibrandt,Brandon,2020.0,2020.0
643410.0,Leiter,Mark,2017.0,2018.0
518934.0,LeMahieu,DJ,2011.0,2020.0
455376.0,Leon,Arcenio,2017.0,2017.0
506702.0,Leon,Sandy,2012.0,2020.0
608678.0,Leone,Dominic,2014.0,2020.0
452657.0,Lester,Jon,2006.0,2020.0
592499.0,Lewicki,Artie,2017.0,2020.0
641786.0,Lewis,Kyle,2019.0,2020.0
642736.0,Leyba,Domingo,2019.0,2019.0
622490.0,Leyer,Robinson,2020.0,2020.0
571893.0,Liberatore,Adam,2015.0,2018.0
624407.0,Lin,Tzu-Wei,2017.0,2020.0
452252.0,Lind,Adam,2006.0,2017.0
458676.0,Lindblom,Josh,2011.0,2020.0
596019.0,Lindor,Francisco,2015.0,2020.0
434538.0,Liriano,Francisco,2005.0,2019.0
542642.0,Liriano,Rymer,2014.0,2017.0
641793.0,Littell,Zack,2018.0,2020.0
594902.0,Lively,Ben,2017.0,2019.0
661440.0,Llovera,Mauricio,2020.0,2020.0
643414.0,Lloyd,Kyle,2017.0,2017.0
642528.0,Loaisiga,Jonathan,2018.0,2020.0
446653.0,Lobaton,Jose,2009.0,2018.0
641796.0,Locastro,Tim,2017.0,2020.0
502046.0,Locke,Jeff,2011.0,2017.0
621141.0,Lockett,Walker,2018.0,2020.0
457429.0,Logan,Boone,2006.0,2018.0
543459.0,Lombardozzi,Steve,2011.0,2017.0
643418.0,Long,Shed,2019.0,2020.0
446334.0,Longoria,Evan,2008.0,2020.0
621005.0,Lopes,Tim,2019.0,2020.0
605347.0,Lopez,Jorge,2015.0,2020.0
670032.0,Lopez,Nicky,2019.0,2020.0
641154.0,Lopez,Pablo,2018.0,2020.0
607257.0,Lopez,Rafael,2014.0,2018.0
625643.0,Lopez,Reynaldo,2016.0,2020.0
661255.0,López,Yoan,2018.0,2020.0
547179.0,Lorenzen,Michael,2015.0,2020.0
571901.0,Loup,Aaron,2012.0,2020.0
663992.0,Lovelady,Richard,2019.0,2020.0
664040.0,Lowe,Brandon,2018.0,2020.0
663993.0,Lowe,Nate,2019.0,2020.0
476704.0,Lowrie,Jed,2008.0,2019.0
572998.0,Lucas,Josh,2017.0,2019.0
664192.0,Lucchesi,Joey,2018.0,2020.0
672773.0,Luciano,Elvis,2019.0,2019.0
518960.0,Lucroy,Jonathan,2010.0,2020.0
608475.0,Lugo,Dawel,2018.0,2020.0
607625.0,Lugo,Seth,2016.0,2020.0
656669.0,Luplow,Jordan,2017.0,2020.0
666158.0,Lux,Gavin,2019.0,2020.0
666200.0,Luzardo,Jesus,2019.0,2020.0
543475.0,Lyles,Jordan,2011.0,2020.0
458681.0,Lynn,Lance,2011.0,2020.0
544928.0,Lyons,Tyler,2013.0,2020.0
600921.0,Machado,Andres,2017.0,2017.0
553988.0,Machado,Dixon,2015.0,2018.0
592518.0,Machado,Manny,2012.0,2020.0
466948.0,Machi,Jean,2012.0,2017.0
605353.0,Machin,Vimael,2020.0,2020.0
545348.0,Maddox,Austin,2017.0,2017.0
663611.0,Madrigal,Nick,2020.0,2020.0
425492.0,Madson,Ryan,2003.0,2018.0
628317.0,Maeda,Kenta,2016.0,2020.0
543483.0,Magill,Matt,2013.0,2020.0
571911.0,Magnifico,Damien,2016.0,2017.0
641816.0,Mahle,Tyler,2017.0,2020.0
543484.0,Mahtook,Mikie,2015.0,2019.0
571912.0,Maile,Luke,2015.0,2019.0
628318.0,Makita,Kazuhisa,2018.0,2018.0
455117.0,Maldonado,Martin,2011.0,2020.0
640455.0,Manaea,Sean,2016.0,2020.0
641820.0,Mancini,Trey,2016.0,2019.0
595307.0,Maness,Seth,2013.0,2017.0
448167.0,Mann,Brandon,2018.0,2018.0
573009.0,Mantiply,Joe,2016.0,2020.0
596027.0,Maples,Dillon,2017.0,2020.0
665561.0,Marchan,Rafael,2020.0,2020.0
676606.0,Margevicius,Nick,2019.0,2020.0
622534.0,Margot,Manuel,2016.0,2020.0
501697.0,Marinez,Jhan,2010.0,2018.0
545350.0,Marisnick,Jake,2013.0,2020.0
605357.0,Marjama,Mike,2017.0,2018.0
455976.0,Markakis,Nick,2006.0,2020.0
571917.0,Markel,Parker,2019.0,2019.0
476123.0,Marks,Justin,2014.0,2017.0
592530.0,Marmolejos,Jose,2020.0,2020.0
666622.0,Marquez,Brailyn,2020.0,2020.0
608566.0,Marquez,German,2016.0,2020.0
502029.0,Marrero,Chris,2011.0,2017.0
571918.0,Marrero,Deven,2015.0,2019.0
605359.0,Marshall,Evan,2014.0,2020.0
527043.0,Marte,Jefry,2015.0,2018.0
606466.0,Marte,Ketel,2015.0,2020.0
516782.0,Marte,Starling,2012.0,2020.0
642564.0,Martes,Francis,2017.0,2017.0
656685.0,Martin,Brett,2019.0,2020.0
455119.0,Martin,Chris,2014.0,2020.0
592533.0,Martin,Cody,2015.0,2017.0
656686.0,Martin,Corbin,2019.0,2019.0
641829.0,Martin,Jason,2019.0,2020.0
573016.0,Martin,Kyle,2017.0,2017.0
547982.0,Martín,Leonys,2011.0,2019.0
621006.0,Martin,Richie,2019.0,2019.0
431145.0,Martin,Russell,2006.0,2019.0
593372.0,Martinez,Carlos,2013.0,2020.0
502110.0,Martinez,J. D.,2011.0,2020.0
500874.0,Martinez,Jose,2016.0,2020.0
492841.0,Martinez,Michael,2011.0,2017.0
607259.0,Martinez,Nick,2014.0,2017.0
400121.0,Martinez,Victor,2002.0,2018.0
605361.0,Martini,Nick,2018.0,2019.0
621086.0,Marvel,James,2019.0,2019.0
622761.0,Mateo,Jorge,2020.0,2020.0
664029.0,Mathias,Mark,2020.0,2020.0
425772.0,Mathis,Jeff,2005.0,2020.0
621500.0,Mathisen,Wyatt,2020.0,2020.0
664208.0,Maton,Phil,2017.0,2020.0
571927.0,Matz,Steven,2015.0,2020.0
554431.0,Matzek,Tyler,2014.0,2020.0
408045.0,Mauer,Joe,2004.0,2018.0
543506.0,Maurer,Brandon,2013.0,2018.0
622194.0,Maxwell,Bruce,2016.0,2018.0
669160.0,May,Dustin,2019.0,2020.0
594576.0,May,Jacob,2017.0,2017.0
543507.0,May,Trevor,2014.0,2020.0
457727.0,Maybin,Cameron,2007.0,2020.0
594577.0,Mayers,Mike,2016.0,2020.0
608686.0,Mayfield,Jack,2019.0,2020.0
641835.0,Mayza,Tim,2017.0,2019.0
608577.0,Mazara,Nomar,2016.0,2020.0
607391.0,Mazza,Chris,2019.0,2020.0
543508.0,Mazzoni,Cory,2015.0,2018.0
502083.0,McAllister,Zach,2011.0,2018.0
643436.0,McBroom,Ryan,2019.0,2020.0
435263.0,McCann,Brian,2005.0,2019.0
543510.0,McCann,James,2014.0,2020.0
435221.0,McCarthy,Brandon,2005.0,2018.0
663411.0,McCarthy,Joe,2020.0,2020.0
641838.0,McCarthy,Kevin,2016.0,2020.0
596035.0,McClain,Reggie,2019.0,2020.0
607030.0,McCreery,Adam,2018.0,2018.0
621121.0,McCullers,Lance,2015.0,2020.0
457705.0,McCutchen,Andrew,2009.0,2020.0
519008.0,McFarland,T. J.,2013.0,2020.0
459429.0,McGee,Jake,2010.0,2020.0
430661.0,McGowan,Dustin,2005.0,2017.0
641850.0,McGowan,Kevin,2017.0,2017.0
641851.0,McGowin,Kyle,2018.0,2020.0
657681.0,McGrath,Kyle,2017.0,2018.0
592547.0,McGuire,Deck,2017.0,2018.0
624512.0,McGuire,Reese,2018.0,2020.0
543521.0,McHugh,Collin,2012.0,2019.0
656713.0,McKay,Brendan,2019.0,2019.0
641853.0,McKay,David,2019.0,2020.0
663474.0,McKenzie,Triston,2020.0,2020.0
641856.0,McKinney,Billy,2018.0,2020.0
656716.0,McKinstry,Zach,2020.0,2020.0
641857.0,McMahon,Ryan,2017.0,2020.0
643446.0,McNeil,Jeff,2018.0,2020.0
656725.0,McRae,Alex,2018.0,2020.0
640457.0,Meadows,Austin,2018.0,2020.0
607644.0,Means,John,2018.0,2020.0
683232.0,Mears,Nick,2020.0,2020.0
658431.0,Medina,Adonis,2020.0,2020.0
450665.0,Medlen,Kris,2009.0,2018.0
664682.0,Meisinger,Ryan,2018.0,2020.0
606167.0,Mejia,Adalberto,2016.0,2019.0
622270.0,Mejia,Alex,2017.0,2017.0
625510.0,Mejia,Erick,2019.0,2020.0
642336.0,Mejia,Francisco,2017.0,2020.0
650668.0,Mejia,Humberto,2020.0,2020.0
623180.0,Mejias-Brean,Seth,2019.0,2019.0
453343.0,Melancon,Mark,2009.0,2020.0
622492.0,Mella,Keury,2017.0,2020.0
543532.0,Melville,Tim,2016.0,2019.0
622795.0,Mendez,Yohander,2016.0,2019.0
664901.0,Mendick,Danny,2019.0,2020.0
669214.0,Menez,Conner,2019.0,2020.0
596043.0,Mengden,Daniel,2016.0,2020.0
640458.0,Mercado,Oscar,2019.0,2020.0
606213.0,Mercedes,Yermin,2020.0,2020.0
474568.0,Mercer,Jordy,2012.0,2020.0
593160.0,Merrifield,Whit,2016.0,2020.0
607320.0,Merritt,Ryan,2016.0,2017.0
657240.0,Merryweather,Julian,2020.0,2020.0
519023.0,Mesoraco,Devin,2011.0,2018.0
543542.0,Meyer,Alex,2015.0,2017.0
656738.0,Meyer,Ben,2018.0,2018.0
519025.0,Middlebrooks,Will,2012.0,2017.0
641871.0,Middleton,Keynan,2017.0,2020.0
571945.0,Mikolas,Miles,2012.0,2019.0
489119.0,Miley,Wade,2011.0,2020.0
453192.0,Miller,Andrew,2006.0,2020.0
543543.0,Miller,Brad,2013.0,2020.0
641878.0,Miller,Ian,2019.0,2020.0
502522.0,Miller,Justin,2014.0,2019.0
571946.0,Miller,Shelby,2012.0,2019.0
668338.0,Miller,Tyson,2020.0,2020.0
621219.0,Mills,Alec,2016.0,2020.0
571948.0,Milner,Hoby,2017.0,2020.0
543548.0,Milone,Tommy,2011.0,2020.0
573668.0,Minaya,Juan,2016.0,2019.0
501985.0,Minor,Mike,2010.0,2020.0
621345.0,Minter,A. J.,2017.0,2020.0
664641.0,Miranda,Ariel,2016.0,2018.0
664948.0,Misiewicz,Anthony,2020.0,2020.0
571951.0,Mitchell,Bryan,2014.0,2018.0
663554.0,Mize,Casey,2020.0,2020.0
425877.0,Molina,Yadier,2004.0,2020.0
594580.0,Moll,Sam,2017.0,2017.0
660162.0,Moncada,Yoan,2016.0,2020.0
519037.0,Moncrief,Carlos,2017.0,2017.0
609275.0,Mondesi,Adalberto,2016.0,2020.0
666160.0,Moniak,Mickey,2020.0,2020.0
593423.0,Montas,Frankie,2015.0,2020.0
471083.0,Montero,Miguel,2006.0,2018.0
606160.0,Montero,Rafael,2014.0,2020.0
656756.0,Montgomery,Jordan,2017.0,2020.0
543557.0,Montgomery,Mike,2015.0,2020.0
446192.0,Moore,Adam,2009.0,2018.0
621058.0,Moore,Andrew,2017.0,2019.0
664238.0,Moore,Dylan,2019.0,2020.0
519043.0,Moore,Matt,2011.0,2019.0
489138.0,Moore,Tyler,2012.0,2017.0
434778.0,Morales,Kendrys,2006.0,2019.0
591672.0,Morales,Osmer,2018.0,2018.0
572383.0,Moran,Brian,2019.0,2020.0
592567.0,Moran,Colin,2016.0,2020.0
670970.0,Morejón,Adrián,2019.0,2020.0
519048.0,Moreland,Mitch,2010.0,2020.0
514981.0,Moreno,Diego,2015.0,2017.0
605388.0,Morgan,Adam,2015.0,2020.0
573046.0,Morin,Mike,2014.0,2020.0
621559.0,Moroff,Max,2016.0,2019.0
606625.0,Moronta,Reyes,2017.0,2019.0
592570.0,Morris,Akeel,2015.0,2018.0
457768.0,Morris,Bryan,2012.0,2017.0
489149.0,Morrison,Logan,2010.0,2020.0
453344.0,Morrow,Brandon,2007.0,2018.0
434604.0,Morse,Mike,2005.0,2017.0
450203.0,Morton,Charlie,2008.0,2020.0
461235.0,Moss,Brandon,2007.0,2017.0
435400.0,Motte,Jason,2008.0,2017.0
600301.0,Motter,Taylor,2016.0,2018.0
663624.0,Mountcastle,Ryan,2020.0,2020.0
519058.0,Moustakas,Mike,2011.0,2020.0
622382.0,Moya,Gabriel,2017.0,2018.0
493247.0,Moylan,Peter,2006.0,2018.0
465629.0,Mujica,Edward,2006.0,2017.0
620445.0,Mujica,Jose,2020.0,2020.0
656775.0,Mullins,Cedric,2018.0,2020.0
571970.0,Muncy,Max,2015.0,2020.0
662253.0,Munoz,Andres,2019.0,2019.0
622168.0,Munoz,Yairo,2018.0,2020.0
502517.0,Murphy,Daniel,2008.0,2020.0
571974.0,Murphy,J. R.,2013.0,2020.0
641907.0,Murphy,Patrick,2020.0,2020.0
669221.0,Murphy,Sean,2019.0,2020.0
608596.0,Murphy,Tom,2015.0,2019.0
643466.0,Musgrave,Harrison,2018.0,2019.0
605397.0,Musgrove,Joe,2016.0,2020.0
571976.0,Myers,Wil,2013.0,2020.0
435063.0,Napoli,Mike,2006.0,2017.0
571980.0,Naquin,Tyler,2016.0,2020.0
553882.0,Narvaez,Omar,2016.0,2020.0
537953.0,Nava,Daniel,2010.0,2017.0
640459.0,Navarreto,Brian,2020.0,2020.0
519068.0,Navarro,Efren,2011.0,2018.0
647304.0,Naylor,Josh,2019.0,2020.0
594943.0,Neal,Zach,2016.0,2018.0
502117.0,Negron,Kristopher,2012.0,2019.0
663734.0,Neidert,Nick,2020.0,2020.0
519076.0,Nelson,Jimmy,2013.0,2019.0
669459.0,Nelson,Kyle,2020.0,2020.0
656793.0,Nelson,Nick,2020.0,2020.0
593576.0,Neris,Hector,2014.0,2020.0
450212.0,Neshek,Pat,2006.0,2019.0
641914.0,Neuse,Sheldon,2019.0,2019.0
596720.0,Neverauskas,Dovydas,2017.0,2020.0
623470.0,Newberry,Jake,2018.0,2020.0
656794.0,Newcomb,Sean,2017.0,2020.0
621028.0,Newman,Kevin,2018.0,2020.0
664714.0,Newsome,Ljay,2020.0,2020.0
547912.0,Ngoepe,Gift,2017.0,2018.0
504379.0,Nicasio,Juan,2011.0,2020.0
592592.0,Nicholas,Brett,2016.0,2017.0
592593.0,Nicolino,Justin,2015.0,2017.0
621512.0,Nido,Tomas,2017.0,2020.0
543590.0,Nieuwenhuis,Kirk,2012.0,2017.0
607043.0,Nimmo,Brandon,2016.0,2020.0
656798.0,Nix,Jacob,2018.0,2018.0
456051.0,Noesi,Hector,2011.0,2019.0
668665.0,Nogosek,Stephen,2019.0,2019.0
596056.0,Nogowski,John,2020.0,2020.0
605400.0,Nola,Aaron,2015.0,2020.0
543592.0,Nola,Austin,2019.0,2020.0
445060.0,Nolasco,Ricky,2006.0,2017.0
669738.0,Noll,Jake,2019.0,2020.0
502032.0,Norris,Bud,2009.0,2018.0
596057.0,Norris,Daniel,2014.0,2020.0
519083.0,Norris,Derek,2012.0,2017.0
656803.0,Norwood,James,2018.0,2020.0
641924.0,Nottingham,Jacob,2018.0,2020.0
467100.0,Nova,Ivan,2010.0,2020.0
624513.0,Nunez,Dom,2019.0,2019.0
456488.0,Nunez,Eduardo,2010.0,2020.0
600524.0,Nunez,Renato,2016.0,2020.0
573064.0,Nuno,Vidal,2013.0,2018.0
598284.0,O'Brien,Peter,2015.0,2019.0
503285.0,O'Day,Darren,2008.0,2020.0
447714.0,O'Flaherty,Eric,2006.0,2017.0
657434.0,O'Grady,Brian,2019.0,2020.0
622217.0,O'Grady,Chris,2017.0,2018.0
656811.0,O'Hearn,Ryan,2018.0,2020.0
641933.0,O'Neill,Tyler,2018.0,2020.0
594951.0,O'Rourke,Ryan,2015.0,2019.0
656805.0,Oaks,Trevor,2018.0,2018.0
623184.0,Oberg,Scott,2015.0,2019.0
641929.0,Odom,Joseph,2020.0,2020.0
596059.0,Odor,Rougned,2014.0,2020.0
543606.0,Odorizzi,Jake,2012.0,2020.0
468396.0,Ogando,Alexi,2010.0,2018.0
493200.0,Oh,Seunghwan,2016.0,2019.0
572000.0,Ohlman,Mike,2017.0,2017.0
660271.0,Ohtani,Shohei,2018.0,2020.0
595345.0,Okert,Steven,2016.0,2018.0
666931.0,Oliva,Jared,2020.0,2020.0
658668.0,Olivares,Edward,2020.0,2020.0
621566.0,Olson,Matt,2016.0,2020.0
621397.0,Olson,Tyler,2015.0,2019.0
671250.0,Oña,Jorge,2020.0,2020.0
644337.0,Orf,Nate,2018.0,2020.0
449181.0,Orlando,Paulo,2015.0,2018.0
542364.0,Ortega,Rafael,2012.0,2019.0
543611.0,Ortiz,Danny,2017.0,2017.0
656814.0,Ortiz,Luis,2018.0,2019.0
592612.0,Osich,Josh,2015.0,2020.0
591741.0,Osuna,Jose,2017.0,2020.0
532077.0,Osuna,Roberto,2015.0,2020.0
621261.0,Oswalt,Corey,2018.0,2020.0
519096.0,Otero,Dan,2012.0,2019.0
493603.0,Ottavino,Adam,2010.0,2020.0
592614.0,Overton,Dillon,2016.0,2017.0
670912.0,Oviedo,Johan,2020.0,2020.0
572008.0,Owings,Chris,2013.0,2020.0
542303.0,Ozuna,Marcell,2013.0,2020.0
665506.0,Pache,Cristian,2020.0,2020.0
663978.0,Paddack,Chris,2019.0,2020.0
641941.0,Pagan,Emilio,2017.0,2020.0
594953.0,Palka,Daniel,2018.0,2019.0
643478.0,Palumbo,Joe,2019.0,2020.0
605412.0,Panik,Joe,2014.0,2020.0
623381.0,Pannone,Thomas,2018.0,2019.0
622161.0,Paredes,Eduardo,2017.0,2018.0
487675.0,Paredes,Edward,2017.0,2018.0
660600.0,Paredes,Enoli,2020.0,2020.0
670623.0,Paredes,Isaac,2020.0,2020.0
453284.0,Parker,Blake,2012.0,2020.0
592620.0,Parker,Jarrett,2015.0,2019.0
622210.0,Parmley,Ian,2017.0,2017.0
467827.0,Parra,Gerardo,2009.0,2019.0
641149.0,Parsons,Wes,2018.0,2019.0
672715.0,Patino,Luis,2020.0,2020.0
600944.0,Paulino,David,2016.0,2018.0
572020.0,Paxton,James,2013.0,2020.0
606303.0,Payamps,Joel,2019.0,2020.0
622797.0,Payano,Pedro,2019.0,2019.0
592622.0,Payton,Mark,2020.0,2020.0
572021.0,Pazos,James,2015.0,2020.0
502748.0,Peacock,Brad,2011.0,2020.0
456665.0,Pearce,Steve,2007.0,2019.0
663878.0,Pearson,Nate,2020.0,2020.0
592626.0,Pederson,Joc,2014.0,2020.0
456030.0,Pedroia,Dustin,2006.0,2019.0
460059.0,Pelfrey,Mike,2006.0,2017.0
641962.0,Pelham,CD,2018.0,2018.0
570240.0,Pena,Felix,2016.0,2020.0
506747.0,Pena,Francisco,2014.0,2018.0
452254.0,Pence,Hunter,2007.0,2020.0
460060.0,Pennington,Cliff,2008.0,2018.0
444482.0,Peralta,David,2014.0,2020.0
642547.0,Peralta,Freddy,2018.0,2020.0
425509.0,Peralta,Jhonny,2003.0,2017.0
593974.0,Peralta,Wandy,2016.0,2020.0
503449.0,Peralta,Wily,2012.0,2019.0
606299.0,Peraza,Jose,2015.0,2020.0
622780.0,Perdomo,Angel,2020.0,2020.0
606131.0,Perdomo,Luis,2016.0,2020.0
542208.0,Perez,Carlos,2015.0,2018.0
672335.0,Pérez,Cionel,2018.0,2020.0
660431.0,Perez,Hector,2020.0,2020.0
541650.0,Perez,Hernan,2012.0,2020.0
527048.0,Perez,Martin,2012.0,2020.0
605421.0,Perez,Michael,2018.0,2020.0
424144.0,Perez,Oliver,2002.0,2020.0
547379.0,Perez,Roberto,2014.0,2020.0
521692.0,Perez,Salvador,2011.0,2020.0
573088.0,Perkins,Cameron,2017.0,2017.0
450282.0,Perkins,Glen,2006.0,2017.0
596071.0,Peters,Dillon,2017.0,2020.0
656849.0,Peterson,David,2020.0,2020.0
640460.0,Peterson,Dustin,2018.0,2019.0
607054.0,Peterson,Jace,2014.0,2020.0
451089.0,Peterson,Shane,2013.0,2017.0
623402.0,Peterson,Tim,2018.0,2019.0
463610.0,Petit,Gregorio,2008.0,2018.0
433589.0,Petit,Yusmeiro,2006.0,2020.0
502593.0,Petricka,Jake,2013.0,2019.0
502054.0,Pham,Tommy,2014.0,2020.0
572033.0,Phegley,Josh,2013.0,2020.0
475479.0,Phelps,David,2012.0,2020.0
408252.0,Phillips,Brandon,2002.0,2018.0
621433.0,Phillips,Brett,2017.0,2020.0
623465.0,Phillips,Evan,2018.0,2020.0
543652.0,Pill,Tyler,2017.0,2017.0
607680.0,Pillar,Kevin,2013.0,2020.0
444489.0,Pina,Manny,2011.0,2020.0
640461.0,Pinder,Chad,2016.0,2020.0
501381.0,Pineda,Michael,2011.0,2020.0
620982.0,Pinto,Ricardo,2017.0,2019.0
517369.0,Pirela,Jose,2014.0,2019.0
572039.0,Piscotty,Stephen,2015.0,2020.0
601713.0,Pivetta,Nick,2017.0,2020.0
608700.0,Plawecki,Kevin,2015.0,2020.0
668676.0,Plesac,Zach,2019.0,2020.0
461858.0,Plouffe,Trevor,2010.0,2018.0
592644.0,Plutko,Adam,2016.0,2020.0
621363.0,Poche,Colin,2019.0,2019.0
570256.0,Polanco,Gregory,2014.0,2020.0
593871.0,Polanco,Jorge,2014.0,2020.0
572041.0,Pollock,AJ,2012.0,2020.0
519141.0,Pomeranz,Drew,2011.0,2020.0
592647.0,Pompey,Dalton,2014.0,2018.0
664074.0,Ponce,Cody,2020.0,2020.0
594965.0,Ponce de Leon,Daniel,2018.0,2020.0
664092.0,Poppen,Sean,2019.0,2020.0
519144.0,Porcello,Rick,2009.0,2020.0
457763.0,Posey,Buster,2009.0,2019.0
572044.0,Pounders,Brooks,2016.0,2019.0
605428.0,Povse,Max,2017.0,2017.0
621471.0,Powell,Boog,2017.0,2018.0
596074.0,Poyner,Bobby,2018.0,2019.0
445988.0,Prado,Martin,2006.0,2019.0
502100.0,Presley,Alex,2010.0,2017.0
519151.0,Pressly,Ryan,2013.0,2020.0
456034.0,Price,David,2008.0,2019.0
595777.0,Profar,Jurickson,2012.0,2020.0
643493.0,Pruitt,Austin,2017.0,2019.0
527049.0,Puello,Cesar,2017.0,2020.0
624577.0,Puig,Yasiel,2013.0,2019.0
405395.0,Pujols,Albert,2001.0,2020.0
640462.0,Puk,A. J.,2019.0,2019.0
474029.0,Putnam,Zach,2011.0,2017.0
534812.0,Quackenbush,Kevin,2014.0,2018.0
430589.0,Qualls,Chad,2004.0,2017.0
615698.0,Quantrill,Cal,2019.0,2020.0
629498.0,Quezada,Johan,2020.0,2020.0
650671.0,Quijada,Jose,2019.0,2020.0
596451.0,Quinn,Roman,2016.0,2020.0
500779.0,Quintana,Jose,2012.0,2020.0
430605.0,Raburn,Ryan,2004.0,2017.0
663432.0,Rainey,Tanner,2018.0,2020.0
548384.0,Raley,Brooks,2012.0,2020.0
570702.0,Ramirez,Carlos,2017.0,2018.0
541640.0,Ramirez,Erasmo,2012.0,2020.0
434670.0,Ramirez,Hanley,2005.0,2019.0
623912.0,Ramirez,Harold,2019.0,2020.0
500724.0,Ramirez,J. C.,2013.0,2019.0
542432.0,Ramirez,Jose,2014.0,2018.0
608070.0,Ramirez,Jose,2013.0,2020.0
519166.0,Ramirez,Neil,2014.0,2019.0
598286.0,Ramirez,Nick,2019.0,2020.0
598287.0,Ramirez,Noe,2015.0,2020.0
641995.0,Ramirez,Roel,2020.0,2020.0
606162.0,Ramirez,Yefry,2018.0,2019.0
670990.0,Ramirez,Yohan,2020.0,2020.0
573109.0,Ramos,AJ,2012.0,2020.0
591693.0,Ramos,Edubray,2016.0,2019.0
467092.0,Ramos,Wilson,2010.0,2020.0
543677.0,Ramsey,Matt,2019.0,2019.0
458675.0,Rasmus,Colby,2009.0,2018.0
656876.0,Rasmussen,Drew,2020.0,2020.0
592660.0,Ravelo,Rangel,2019.0,2020.0
502051.0,Ravin,Josh,2015.0,2018.0
592662.0,Ray,Robbie,2014.0,2020.0
607067.0,Rea,Colin,2015.0,2020.0
600466.0,Read,Raudy,2017.0,2019.0
592663.0,Realmuto,J. T.,2014.0,2020.0
489232.0,Recker,Anthony,2011.0,2017.0
502210.0,Reddick,Josh,2009.0,2020.0
607223.0,Reed,A. J.,2016.0,2019.0
592665.0,Reed,Addison,2011.0,2018.0
642003.0,Reed,Cody,2016.0,2020.0
605439.0,Reed,Michael,2015.0,2019.0
608701.0,Refsnyder,Rob,2015.0,2020.0
656887.0,Reid-Foley,Sean,2018.0,2020.0
595373.0,Reinheimer,Jack,2017.0,2018.0
643617.0,Reininger,Zac,2017.0,2019.0
573113.0,Renda,Tony,2016.0,2018.0
543685.0,Rendon,Anthony,2013.0,2020.0
592669.0,Renfroe,Hunter,2016.0,2020.0
650859.0,Rengifo,Luis,2019.0,2020.0
519184.0,Revere,Ben,2010.0,2017.0
621052.0,Reyes,Alex,2016.0,2020.0
614177.0,Reyes,Franmil,2018.0,2020.0
622103.0,Reyes,Gerardo,2019.0,2019.0
660875.0,Reyes,Jesus,2018.0,2018.0
408314.0,Reyes,Jose,2003.0,2018.0
622569.0,Reyes,Pablo,2018.0,2019.0
622682.0,Reyes,Victor,2018.0,2020.0
668804.0,Reynolds,Bryan,2019.0,2020.0
448602.0,Reynolds,Mark,2007.0,2019.0
608703.0,Reynolds,Matt,2016.0,2020.0
642008.0,Rhame,Jacob,2017.0,2019.0
453385.0,Richard,Clayton,2008.0,2019.0
572070.0,Richards,Garrett,2011.0,2020.0
670950.0,Richards,Trevor,2018.0,2020.0
572073.0,Rickard,Joey,2016.0,2020.0
595375.0,Riddle,JT,2017.0,2020.0
663586.0,Riley,Austin,2019.0,2020.0
621458.0,Rios,Edwin,2019.0,2020.0
605441.0,Rios,Yacksel,2017.0,2020.0
425784.0,Rivera,Rene,2004.0,2020.0
608061.0,Rivera,T. J.,2016.0,2017.0
592680.0,Rivera,Yadiel,2015.0,2020.0
519203.0,Rizzo,Anthony,2011.0,2020.0
543699.0,Roark,Tanner,2013.0,2020.0
673357.0,Robert,Luis,2020.0,2020.0
543706.0,Robertson,Dan,2014.0,2017.0
621002.0,Robertson,Daniel,2017.0,2020.0
502085.0,Robertson,David,2008.0,2019.0
592685.0,Robinson,Drew,2017.0,2019.0
453203.0,Robinson,Shane,2009.0,2018.0
570663.0,Robles,Hansel,2015.0,2020.0
645302.0,Robles,Victor,2017.0,2020.0
572086.0,Rodgers,Brady,2016.0,2019.0
663898.0,Rodgers,Brendan,2019.0,2020.0
407845.0,Rodney,Fernando,2002.0,2019.0
607074.0,Rodon,Carlos,2015.0,2020.0
605446.0,Rodriguez,Dereck,2018.0,2020.0
593958.0,Rodriguez,Eduardo,2015.0,2019.0
408061.0,Rodriguez,Francisco,2002.0,2017.0
622446.0,Rodriguez,Jefry,2018.0,2019.0
570257.0,Rodriguez,Joely,2016.0,2020.0
642578.0,Rodriguez,Jose,2019.0,2020.0
670550.0,Rodriguez,Nivaldo,2020.0,2020.0
600965.0,Rodriguez,Ricardo,2017.0,2018.0
593144.0,Rodriguez,Richard,2017.0,2020.0
500135.0,Rodriguez,Ronny,2018.0,2019.0
446481.0,Rodriguez,Sean,2008.0,2020.0
475054.0,Roe,Chaz,2013.0,2020.0
668670.0,Rogers,Jake,2019.0,2019.0
642028.0,Rogers,Josh,2018.0,2019.0
573124.0,Rogers,Taylor,2016.0,2020.0
669432.0,Rogers,Trevor,2020.0,2020.0
643511.0,Rogers,Tyler,2019.0,2020.0
668942.0,Rojas,Josh,2019.0,2020.0
500743.0,Rojas,Miguel,2014.0,2020.0
605447.0,Romano,Jordan,2019.0,2020.0
607219.0,Romano,Sal,2017.0,2020.0
544836.0,Romero,Enny,2013.0,2018.0
622864.0,Romero,Fernando,2018.0,2019.0
668941.0,Romero,JoJo,2020.0,2020.0
656913.0,Romero,Seth,2020.0,2020.0
461865.0,Romine,Andrew,2010.0,2020.0
519222.0,Romine,Austin,2011.0,2020.0
489265.0,Romo,Sergio,2008.0,2020.0
541652.0,Rondon,Bruce,2013.0,2018.0
444468.0,Rondon,Hector,2013.0,2020.0
602922.0,Rondon,Jose,2016.0,2019.0
667670.0,Rooker,Brent,2020.0,2020.0
650738.0,Rosa,Adonis,2019.0,2019.0
489267.0,Rosales,Adam,2008.0,2018.0
451705.0,Rosario,Alberto,2016.0,2017.0
642708.0,Rosario,Amed,2017.0,2020.0
592696.0,Rosario,Eddie,2015.0,2020.0
600968.0,Rosario,Randy,2017.0,2020.0
572096.0,Rosenthal,Trevor,2012.0,2020.0
605452.0,Ross,Joe,2015.0,2019.0
543726.0,Ross,Robbie,2012.0,2017.0
475115.0,Ross,Tyson,2010.0,2019.0
573127.0,Rosscup,Zac,2013.0,2019.0
665759.0,Rosso,Ramon,2020.0,2020.0
635903.0,Rowley,Chris,2017.0,2018.0
607387.0,Rua,Ryan,2014.0,2018.0
607968.0,Rucinski,Drew,2014.0,2018.0
573131.0,Ruf,Darin,2012.0,2020.0
448605.0,Ruggiano,Justin,2007.0,2017.0
434563.0,Ruiz,Carlos,2006.0,2017.0
614179.0,Ruiz,Jose,2017.0,2020.0
660688.0,Ruiz,Keibert,2020.0,2020.0
547004.0,Ruiz,Rio,2016.0,2020.0
592705.0,Rumbelow,Nick,2015.0,2019.0
502130.0,Runzler,Dan,2009.0,2017.0
519237.0,Rupp,Cameron,2013.0,2017.0
543734.0,Rusin,Chris,2012.0,2020.0
608365.0,Russell,Addison,2015.0,2019.0
592710.0,Rutledge,Josh,2012.0,2017.0
594986.0,Ryan,Kyle,2014.0,2020.0
547943.0,Ryu,Hyun Jin,2013.0,2020.0
519240.0,Rzepczynski,Marc,2009.0,2018.0
282332.0,Sabathia,CC,2001.0,2019.0
594987.0,Sadler,Casey,2014.0,2020.0
592712.0,Sadzeck,Connor,2018.0,2019.0
573135.0,Saladino,Tyler,2015.0,2019.0
477569.0,Salas,Fernando,2010.0,2019.0
517593.0,Salazar,Danny,2013.0,2019.0
519242.0,Sale,Chris,2010.0,2019.0
457454.0,Saltalamacchia,Jarrod,2007.0,2018.0
502188.0,Samardzija,Jeff,2008.0,2020.0
592716.0,Sampson,Adrian,2016.0,2019.0
656004.0,Sanabria,Carlos,2020.0,2020.0
592717.0,Sanchez,Aaron,2014.0,2019.0
506703.0,Sanchez,Adrian,2017.0,2019.0
645305.0,Sanchez,Ali,2020.0,2020.0
605795.0,Sanchez,Angel,2017.0,2017.0
434671.0,Sanchez,Anibal,2006.0,2020.0
570560.0,Sanchez,Carlos,2014.0,2020.0
596142.0,Sanchez,Gary,2015.0,2020.0
516949.0,Sanchez,Hector,2011.0,2017.0
660821.0,Sanchez,Jesus,2020.0,2020.0
645307.0,Sanchez,Ricardo,2020.0,2020.0
664350.0,Sanchez,Sixto,2020.0,2020.0
506997.0,Sanchez,Tony,2013.0,2017.0
467055.0,Sandoval,Pablo,2008.0,2020.0
663776.0,Sandoval,Patrick,2019.0,2020.0
593934.0,Sano,Miguel,2015.0,2020.0
467793.0,Santana,Carlos,2010.0,2020.0
542454.0,Santana,Danny,2014.0,2020.0
642701.0,Santana,Dennis,2018.0,2020.0
570267.0,Santana,Domingo,2014.0,2020.0
650828.0,Santana,Edgar,2017.0,2018.0
429722.0,Santana,Ervin,2005.0,2019.0
623993.0,Santander,Anthony,2017.0,2020.0
502327.0,Santiago,Hector,2011.0,2019.0
665733.0,Santos,Antonio,2020.0,2020.0
608601.0,Santos,Luis,2017.0,2018.0
596143.0,Sardinas,Luis,2014.0,2018.0
459431.0,Saunders,Michael,2009.0,2017.0
599683.0,Saupold,Warwick,2016.0,2018.0
622250.0,Sborz,Josh,2019.0,2020.0
543746.0,Scahill,Rob,2012.0,2018.0
594988.0,Schebler,Scott,2015.0,2020.0
489294.0,Scheppers,Tanner,2012.0,2017.0
453286.0,Scherzer,Max,2008.0,2020.0
572114.0,Schimpf,Ryan,2016.0,2018.0
489295.0,Schlitter,Brian,2010.0,2019.0
657376.0,Schmidt,Clarke,2020.0,2020.0
570731.0,Schoop,Jonathan,2013.0,2020.0
670167.0,Schreiber,John,2019.0,2020.0
621011.0,Schrock,Max,2020.0,2020.0
519263.0,Schugel,A. J.,2015.0,2017.0
621289.0,Schultz,Jaime,2018.0,2019.0
656941.0,Schwarber,Kyle,2015.0,2020.0
643524.0,Schwindel,Frank,2019.0,2019.0
582494.0,Scott,Robby,2016.0,2019.0
656945.0,Scott,Tanner,2017.0,2020.0
605463.0,Scott,Tayler,2019.0,2019.0
519267.0,Scribner,Evan,2011.0,2017.0
644428.0,Scribner,Troy,2017.0,2018.0
668687.0,Scrubb,Andre,2020.0,2020.0
608369.0,Seager,Corey,2015.0,2020.0
572122.0,Seager,Kyle,2011.0,2020.0
574847.0,Segedin,Rob,2016.0,2017.0
516416.0,Segura,Jean,2012.0,2020.0
572125.0,Selman,Sam,2019.0,2020.0
592731.0,Selsky,Steve,2016.0,2017.0
543760.0,Semien,Marcus,2013.0,2020.0
622608.0,Senzatela,Antonio,2017.0,2020.0
669222.0,Senzel,Nick,2019.0,2020.0
622663.0,Severino,Luis,2015.0,2019.0
600474.0,Severino,Pedro,2015.0,2020.0
623149.0,Sewald,Paul,2017.0,2020.0
594992.0,Shackelford,Kevin,2017.0,2018.0
596101.0,Shafer,Justin,2018.0,2020.0
643532.0,Sharp,Sterling,2020.0,2020.0
543766.0,Shaw,Bryan,2011.0,2020.0
622046.0,Shaw,Chris,2018.0,2019.0
543768.0,Shaw,Travis,2015.0,2020.0
642067.0,Shawaryn,Mike,2019.0,2019.0
656954.0,Sheffield,Justus,2018.0,2020.0
605469.0,Shepherd,Chandler,2019.0,2019.0
642073.0,Sherfy,James,2017.0,2019.0
595411.0,Sherriff,Ryan,2017.0,2020.0
448306.0,Shields,James,2006.0,2018.0
640463.0,Shipley,Braden,2016.0,2018.0
533167.0,Shoemaker,Matt,2013.0,2020.0
592741.0,Shreve,Chasen,2014.0,2020.0
543776.0,Shuck,JB,2011.0,2019.0
543779.0,Siegrist,Kevin,2013.0,2017.0
642423.0,Sierra,Magneuris,2017.0,2020.0
501213.0,Sierra,Moises,2012.0,2018.0
592743.0,Simmons,Andrelton,2012.0,2020.0
623406.0,Simmons,Shae,2014.0,2017.0
608371.0,Sims,Lucas,2017.0,2020.0
663903.0,Singer,Brady,2020.0,2020.0
448609.0,Sipp,Tony,2009.0,2019.0
642082.0,Sisco,Chance,2017.0,2020.0
572140.0,Skaggs,Tyler,2012.0,2019.0
607215.0,Skoglund,Eric,2017.0,2019.0
605474.0,Skole,Matt,2018.0,2019.0
669373.0,Skubal,Tarik,2020.0,2020.0
592753.0,Slania,Dan,2017.0,2017.0
596103.0,Slater,Austin,2017.0,2020.0
642083.0,Slegers,Aaron,2017.0,2020.0
656970.0,Smeltzer,Devin,2019.0,2020.0
572143.0,Smith,Burch,2013.0,2020.0
592761.0,Smith,Caleb,2017.0,2020.0
605476.0,Smith,Carson,2014.0,2018.0
627262.0,Smith,Chris,2017.0,2017.0
434672.0,Smith,Chris,2008.0,2017.0
642086.0,Smith,Dominic,2017.0,2020.0
622098.0,Smith,Drew,2018.0,2020.0
596105.0,Smith,Dwight,2017.0,2020.0
501925.0,Smith,Joe,2007.0,2019.0
605479.0,Smith,Josh,2019.0,2020.0
595001.0,Smith,Josh,2015.0,2020.0
607345.0,Smith,Kevan,2016.0,2020.0
605480.0,Smith,Mallex,2016.0,2020.0
573166.0,Smith,Murphy,2018.0,2018.0
656976.0,Smith,Pavin,2020.0,2020.0
642092.0,Smith,Riley,2020.0,2020.0
452234.0,Smith,Seth,2007.0,2017.0
642094.0,Smith,Tyler,2017.0,2017.0
519293.0,Smith,Will,2012.0,2020.0
669257.0,Smith,Will,2019.0,2020.0
475253.0,Smoak,Justin,2010.0,2020.0
519294.0,Smoker,Josh,2016.0,2018.0
519295.0,Smolinski,Jake,2014.0,2018.0
592767.0,Smyly,Drew,2012.0,2020.0
605482.0,Sneed,Cy,2019.0,2020.0
605483.0,Snell,Blake,2016.0,2020.0
592769.0,Snelten,D. J.,2018.0,2018.0
474319.0,Snyder,Brandon,2010.0,2018.0
656977.0,Sobotka,Chad,2018.0,2020.0
462515.0,Socolovich,Miguel,2012.0,2018.0
519299.0,Sogard,Eric,2010.0,2020.0
669256.0,Solak,Nick,2019.0,2020.0
456781.0,Solano,Donovan,2012.0,2020.0
500208.0,Solarte,Yangervis,2014.0,2019.0
624585.0,Soler,Jorge,2014.0,2020.0
519301.0,Solis,Sammy,2015.0,2018.0
465657.0,Soria,Joakim,2007.0,2020.0
647336.0,Soroka,Mike,2018.0,2020.0
624641.0,Sosa,Edmundo,2018.0,2019.0
519303.0,Soto,Elliot,2020.0,2020.0
434567.0,Soto,Geovany,2005.0,2017.0
642397.0,Soto,Gregory,2019.0,2020.0
665742.0,Soto,Juan,2018.0,2020.0
519306.0,Souza,Steven,2014.0,2020.0
452655.0,Span,Denard,2008.0,2018.0
605486.0,Spangenberg,Cory,2014.0,2019.0
642098.0,Sparkman,Glenn,2017.0,2020.0
642100.0,Speier,Gabe,2019.0,2020.0
543807.0,Springer,George,2014.0,2020.0
605488.0,Springs,Jeffrey,2018.0,2020.0
657766.0,St. John,Locke,2019.0,2019.0
607732.0,Stallings,Jacob,2016.0,2020.0
608715.0,Stamets,Eric,2019.0,2019.0
489334.0,Stammen,Craig,2009.0,2020.0
592773.0,Stanek,Ryne,2017.0,2020.0
519317.0,Stanton,Giancarlo,2010.0,2020.0
605490.0,Starling,Bubba,2019.0,2020.0
664054.0,Stashak,Cody,2019.0,2020.0
595426.0,Stassi,Brock,2017.0,2017.0
545358.0,Stassi,Max,2013.0,2020.0
622251.0,Staumont,Josh,2019.0,2020.0
608716.0,Steckenrider,Drew,2017.0,2019.0
623451.0,Stephens,Jackson,2017.0,2018.0
596112.0,Stephenson,Robert,2016.0,2020.0
663886.0,Stephenson,Tyler,2020.0,2020.0
664057.0,Stevenson,Andrew,2017.0,2020.0
592779.0,Stewart,Brock,2016.0,2019.0
455755.0,Stewart,Chris,2006.0,2018.0
621514.0,Stewart,Christin,2018.0,2020.0
621466.0,Stewart,DJ,2018.0,2020.0
640464.0,Stewart,Kohl,2018.0,2019.0
680692.0,Stiever,Jonathan,2020.0,2020.0
476594.0,Stock,Robert,2018.0,2020.0
519322.0,Storen,Drew,2010.0,2017.0
596115.0,Story,Trevor,2016.0,2020.0
657770.0,Stout,Eric,2018.0,2018.0
621381.0,Strahm,Matt,2016.0,2020.0
573185.0,Straily,Dan,2012.0,2019.0
543829.0,Strange-Gordon,Dee,2011.0,2020.0
544931.0,Strasburg,Stephen,2010.0,2020.0
608717.0,Stratton,Chris,2016.0,2020.0
664702.0,Straw,Myles,2018.0,2020.0
434718.0,Street,Huston,2005.0,2017.0
519326.0,Strickland,Hunter,2014.0,2020.0
548389.0,Stripling,Ross,2016.0,2020.0
573186.0,Stroman,Marcus,2014.0,2019.0
467008.0,Strop,Pedro,2009.0,2020.0
453211.0,Stubbs,Drew,2009.0,2017.0
596117.0,Stubbs,Garrett,2019.0,2020.0
621385.0,Stumpf,Daniel,2016.0,2019.0
544150.0,Suarez,Albert,2016.0,2017.0
605498.0,Suarez,Andrew,2018.0,2020.0
553993.0,Suarez,Eugenio,2014.0,2020.0
660761.0,Suarez,Jose,2019.0,2020.0
624133.0,Suarez,Ranger,2018.0,2020.0
491696.0,Sucre,Jesus,2013.0,2019.0
593833.0,Suero,Wander,2018.0,2020.0
642121.0,Sulser,Cole,2019.0,2020.0
572180.0,Susac,Andrew,2014.0,2020.0
608718.0,Suter,Brent,2016.0,2020.0
400085.0,Suzuki,Ichiro,2001.0,2019.0
435559.0,Suzuki,Kurt,2007.0,2020.0
621020.0,Swanson,Dansby,2016.0,2020.0
657024.0,Swanson,Erik,2019.0,2020.0
461872.0,Swarzak,Anthony,2009.0,2019.0
572182.0,Sweeney,Darnell,2015.0,2018.0
596119.0,Swihart,Blake,2015.0,2019.0
592789.0,Syndergaard,Noah,2015.0,2019.0
519333.0,Szczur,Matt,2014.0,2018.0
607369.0,Taijeron,Travis,2017.0,2017.0
592791.0,Taillon,Jameson,2016.0,2019.0
547888.0,Tanaka,Masahiro,2014.0,2020.0
593619.0,Tapia,Domingo,2020.0,2020.0
606132.0,Tapia,Raimel,2016.0,2020.0
605501.0,Tarpley,Stephen,2018.0,2020.0
622253.0,Tate,Dillon,2019.0,2020.0
665487.0,Tatis,Fernando,2019.0,2020.0
643565.0,Tauchman,Mike,2017.0,2020.0
665750.0,Taveras,Leody,2020.0,2020.0
607333.0,Taylor,Beau,2018.0,2020.0
664701.0,Taylor,Ben,2017.0,2018.0
642130.0,Taylor,Blake,2020.0,2020.0
621035.0,Taylor,Chris,2014.0,2020.0
657031.0,Taylor,Josh,2019.0,2020.0
572191.0,Taylor,Michael,2014.0,2020.0
621438.0,Taylor,Tyrone,2019.0,2020.0
547749.0,Tazawa,Junichi,2009.0,2018.0
527054.0,Teheran,Julio,2011.0,2020.0
514913.0,Tejada,Ruben,2010.0,2019.0
660731.0,Tejeda,Anderson,2020.0,2020.0
542513.0,Telis,Tomas,2014.0,2018.0
642133.0,Tellez,Rowdy,2018.0,2020.0
572193.0,Tepera,Ryan,2015.0,2020.0
519344.0,Tepesch,Nick,2013.0,2017.0
642136.0,Thaiss,Matt,2019.0,2020.0
519346.0,Thames,Eric,2011.0,2020.0
592279.0,Therrien,Jesen,2017.0,2017.0
573204.0,Thielbar,Caleb,2013.0,2020.0
657041.0,Thomas,Lane,2019.0,2020.0
622097.0,Thompson,Jake,2016.0,2018.0
657044.0,Thompson,Ryan,2020.0,2020.0
572204.0,Thompson,Trayce,2015.0,2018.0
592804.0,Thornburg,Tyler,2012.0,2020.0
663423.0,Thornton,Trent,2019.0,2020.0
626929.0,Thorpe,Lewis,2019.0,2020.0
501957.0,Tillman,Chris,2009.0,2018.0
605508.0,Tilson,Charlie,2016.0,2019.0
622786.0,Tinoco,Jesus,2019.0,2020.0
624636.0,Tocci,Carlos,2018.0,2018.0
592808.0,Toles,Andrew,2016.0,2018.0
572208.0,Tolliver,Ashur,2016.0,2017.0
630111.0,Tomás,Yasmany,2015.0,2019.0
458708.0,Tomlin,Josh,2010.0,2020.0
605509.0,Tomlinson,Kelby,2015.0,2018.0
543859.0,Tonkin,Michael,2013.0,2017.0
623437.0,Topa,Justin,2020.0,2020.0
647351.0,Toro,Abraham,2019.0,2020.0
620443.0,Torrens,Luis,2017.0,2020.0
448614.0,Torres,Carlos,2009.0,2019.0
650402.0,Torres,Gleyber,2018.0,2020.0
600526.0,Torres,Jose,2016.0,2017.0
593527.0,Torres,Ramon,2017.0,2018.0
591720.0,Torreyes,Ronald,2015.0,2020.0
657053.0,Toussaint,Touki,2018.0,2020.0
541600.0,Tovar,Wilfredo,2013.0,2019.0
664167.0,Trahan,Blake,2018.0,2018.0
581527.0,Travis,Devon,2015.0,2018.0
607752.0,Travis,Sam,2017.0,2019.0
595014.0,Treinen,Blake,2014.0,2020.0
624431.0,Trevino,Jose,2018.0,2020.0
592811.0,Triggs,Andrew,2016.0,2020.0
642152.0,Trivino,Lou,2018.0,2020.0
644433.0,Tromp,Chadwick,2020.0,2020.0
607374.0,Tropeano,Nick,2014.0,2020.0
545361.0,Trout,Mike,2011.0,2020.0
444432.0,Trumbo,Mark,2010.0,2019.0
627500.0,Tseng,Jen-Ho,2017.0,2018.0
660294.0,Tsutsugo,Yoshi,2020.0,2020.0
657061.0,Tucker,Cole,2019.0,2020.0
663656.0,Tucker,Kyle,2018.0,2020.0
605512.0,Tucker,Preston,2015.0,2018.0
592815.0,Tuivailala,Sam,2014.0,2019.0
453064.0,Tulowitzki,Troy,2006.0,2019.0
543867.0,Turley,Nik,2017.0,2020.0
605513.0,Turnbull,Spencer,2018.0,2020.0
545363.0,Turner,Jacob,2011.0,2018.0
457759.0,Turner,Justin,2009.0,2020.0
642156.0,Turner,Stuart,2017.0,2017.0
607208.0,Turner,Trea,2015.0,2020.0
493157.0,Uehara,Koji,2009.0,2017.0
621249.0,Underwood,Duane,2018.0,2020.0
457708.0,Upton,Justin,2007.0,2020.0
570632.0,Urena,Jose,2015.0,2020.0
620446.0,Urena,Richard,2017.0,2019.0
628711.0,Urias,Julio,2016.0,2020.0
649966.0,Urias,Luis,2018.0,2020.0
602104.0,Urias,Ramon,2020.0,2020.0
664353.0,Urquidy,Jose,2019.0,2020.0
570482.0,Urshela,Gio,2015.0,2020.0
400284.0,Utley,Chase,2003.0,2018.0
642162.0,Valaika,Pat,2016.0,2020.0
472528.0,Valbuena,Luis,2008.0,2018.0
491624.0,Valdez,Cesar,2010.0,2020.0
664285.0,Valdez,Framber,2018.0,2020.0
572308.0,Valdez,Jose,2015.0,2018.0
570488.0,Valdez,Phillips,2019.0,2020.0
502143.0,Valencia,Danny,2010.0,2018.0
621044.0,Valentin,Jesmuel,2018.0,2018.0
591971.0,Valera,Breyvic,2017.0,2019.0
475100.0,Van Slyke,Scott,2012.0,2017.0
642165.0,VanMeter,Josh,2019.0,2020.0
545121.0,Vargas,Ildemaro,2017.0,2020.0
450306.0,Vargas,Jason,2005.0,2019.0
573627.0,Vargas,Kennys,2014.0,2017.0
662139.0,Varsho,Daulton,2020.0,2020.0
607755.0,Vasquez,Andrew,2018.0,2019.0
657786.0,Vasto,Jerry,2018.0,2018.0
543877.0,Vazquez,Christian,2014.0,2020.0
553878.0,Vazquez,Felipe,2015.0,2019.0
592826.0,Velasquez,Vince,2015.0,2020.0
623205.0,Velazquez,Andrew,2018.0,2020.0
584171.0,Velazquez,Hector,2017.0,2019.0
519381.0,Venditte,Pat,2015.0,2020.0
458924.0,Venters,Jonny,2010.0,2019.0
657077.0,Verdugo,Alex,2017.0,2020.0
572403.0,VerHagen,Drew,2014.0,2019.0
434378.0,Verlander,Justin,2005.0,2020.0
548337.0,Verrett,Logan,2015.0,2017.0
681911.0,Vesia,Alex,2020.0,2020.0
600986.0,Vieira,Thyago,2017.0,2019.0
622713.0,Vielma,Engelb,2018.0,2018.0
570799.0,Villanueva,Christian,2017.0,2018.0
542340.0,Villar,Jonathan,2013.0,2020.0
650619.0,Viloria,Meibrys,2018.0,2020.0
572227.0,Vincej,Zach,2017.0,2018.0
543883.0,Vincent,Nick,2012.0,2020.0
527055.0,Vizcaino,Arodys,2011.0,2019.0
596129.0,Vogelbach,Dan,2016.0,2020.0
519390.0,Vogt,Stephen,2012.0,2020.0
572228.0,Voit,Luke,2017.0,2020.0
450172.0,Volquez,Edinson,2005.0,2020.0
458690.0,Volstad,Chris,2008.0,2018.0
608723.0,Voth,Austin,2018.0,2020.0
458015.0,Votto,Joey,2007.0,2020.0
608379.0,Wacha,Michael,2013.0,2020.0
663399.0,Waddell,Brandon,2020.0,2020.0
664774.0,Wade,LaMonte,2019.0,2020.0
642180.0,Wade,Tyler,2017.0,2020.0
621097.0,Waguespack,Jacob,2019.0,2020.0
592833.0,Wahl,Bobby,2017.0,2020.0
425794.0,Wainwright,Adam,2005.0,2020.0
519393.0,Walden,Marcus,2018.0,2020.0
605520.0,Walding,Mitch,2018.0,2019.0
572233.0,Walker,Christian,2014.0,2020.0
668683.0,Walker,Jeremy,2019.0,2019.0
435522.0,Walker,Neil,2009.0,2020.0
592836.0,Walker,Taijuan,2013.0,2020.0
595453.0,Wallach,Chad,2017.0,2020.0
665120.0,Walsh,Jared,2019.0,2020.0
622268.0,Walton,Donovan,2019.0,2020.0
623913.0,Wang,Wei-Chung,2014.0,2019.0
621493.0,Ward,Taylor,2018.0,2020.0
476589.0,Warren,Adam,2012.0,2019.0
605521.0,Warren,Art,2019.0,2019.0
572241.0,Washington,David,2017.0,2017.0
453265.0,Watson,Tony,2011.0,2020.0
450308.0,Weaver,Jered,2006.0,2017.0
596133.0,Weaver,Luke,2016.0,2020.0
657097.0,Webb,Jacob,2019.0,2020.0
657277.0,Webb,Logan,2019.0,2020.0
643778.0,Webb,Tyler,2017.0,2020.0
543901.0,Weber,Ryan,2015.0,2020.0
543903.0,Webster,Allen,2013.0,2019.0
430001.0,Weeks,Rickie,2003.0,2017.0
607179.0,Weems,Jordan,2020.0,2020.0
622256.0,Weigel,Patrick,2020.0,2020.0
592848.0,Weiss,Zack,2018.0,2018.0
605525.0,Wendelken,J. B.,2016.0,2020.0
621563.0,Wendle,Joey,2016.0,2020.0
150029.0,Werth,Jayson,2002.0,2017.0
547007.0,Whalen,Robert,2016.0,2018.0
605528.0,Wheeler,Jason,2017.0,2017.0
554430.0,Wheeler,Zach,2013.0,2020.0
642201.0,White,Eli,2020.0,2020.0
657108.0,White,Evan,2020.0,2020.0
669952.0,White,Mitch,2020.0,2020.0
643603.0,White,Tyler,2016.0,2019.0
664334.0,Whitefield,Aaron,2020.0,2020.0
595032.0,Whitley,Chase,2014.0,2018.0
676831.0,Whitley,Kodi,2020.0,2020.0
592858.0,Wick,Rowan,2018.0,2020.0
642203.0,Widener,Taylor,2020.0,2020.0
623364.0,Wieck,Brad,2018.0,2020.0
446308.0,Wieters,Matt,2009.0,2020.0
452666.0,Wilhelmsen,Tom,2011.0,2017.0
573244.0,Wilk,Adam,2011.0,2017.0
658792.0,Wilkerson,Aaron,2017.0,2019.0
592859.0,Wilkerson,Stevie,2018.0,2019.0
657117.0,Williams,Austen,2018.0,2019.0
642207.0,Williams,Devin,2019.0,2020.0
642211.0,Williams,Justin,2018.0,2020.0
592863.0,Williams,Mason,2015.0,2020.0
608384.0,Williams,Nick,2017.0,2019.0
592865.0,Williams,Taylor,2017.0,2020.0
592866.0,Williams,Trevor,2016.0,2020.0
607776.0,Williamson,Mac,2015.0,2019.0
543935.0,Wilson,Alex,2013.0,2019.0
435064.0,Wilson,Bobby,2008.0,2019.0
669060.0,Wilson,Bryse,2018.0,2020.0
458677.0,Wilson,Justin,2012.0,2020.0
592869.0,Wilson,Tyler,2015.0,2017.0
592872.0,Wimmers,Alex,2016.0,2017.0
622259.0,Wingenter,Trey,2018.0,2019.0
608385.0,Winker,Jesse,2017.0,2020.0
595465.0,Winkler,Dan,2015.0,2020.0
621550.0,Wisdom,Patrick,2018.0,2020.0
605538.0,Wisler,Matt,2015.0,2020.0
621295.0,Wittgren,Nick,2016.0,2020.0
592879.0,Wojciechowski,Asher,2015.0,2020.0
547172.0,Wolters,Tony,2016.0,2020.0
642221.0,Wong,Kean,2019.0,2019.0
543939.0,Wong,Kolten,2013.0,2020.0
622072.0,Wood,Alex,2013.0,2020.0
502028.0,Wood,Blake,2010.0,2018.0
621056.0,Wood,Hunter,2017.0,2019.0
475243.0,Wood,Travis,2010.0,2017.0
663765.0,Woodford,Jake,2020.0,2020.0
605540.0,Woodruff,Brandon,2017.0,2020.0
519443.0,Workman,Brandon,2013.0,2020.0
474699.0,Worley,Vance,2010.0,2017.0
642226.0,Wotherspoon,Matt,2019.0,2019.0
642229.0,Wright,Daniel,2016.0,2017.0
431151.0,Wright,David,2004.0,2018.0
657140.0,Wright,Kyle,2018.0,2020.0
605541.0,Wright,Mike,2015.0,2019.0
453214.0,Wright,Steven,2013.0,2019.0
642851.0,Wynns,Austin,2018.0,2019.0
642231.0,Yacabonis,Jimmy,2017.0,2020.0
664337.0,Yajure,Miguel,2020.0,2020.0
685493.0,Yamaguchi,Shun,2020.0,2020.0
657141.0,Yamamoto,Jordan,2019.0,2020.0
642232.0,Yarbrough,Ryan,2018.0,2020.0
642233.0,Yardley,Eric,2019.0,2020.0
573262.0,Yastrzemski,Mike,2019.0,2020.0
489446.0,Yates,Kirby,2014.0,2020.0
592885.0,Yelich,Christian,2013.0,2020.0
593679.0,Ynoa,Gabriel,2016.0,2019.0
660623.0,Ynoa,Huascar,2019.0,2020.0
573589.0,Ynoa,Michael,2016.0,2017.0
622065.0,Young,Alex,2019.0,2020.0
670370.0,Young,Andy,2020.0,2020.0
432934.0,Young,Chris,2004.0,2017.0
455759.0,Young,Chris,2006.0,2018.0
458913.0,Young,Eric,2009.0,2018.0
657145.0,Zagunis,Mark,2017.0,2019.0
489448.0,Zagurski,Mike,2007.0,2018.0
623354.0,Zamora,Daniel,2018.0,2019.0
642239.0,Zastryzny,Rob,2016.0,2018.0
664874.0,Zavala,Seby,2019.0,2019.0
643615.0,Zeuch,T. J.,2019.0,2020.0
446899.0,Ziegler,Brad,2008.0,2018.0
605548.0,Zimmer,Bradley,2017.0,2020.0
622092.0,Zimmer,Kyle,2019.0,2020.0
475582.0,Zimmerman,Ryan,2005.0,2019.0
669145.0,Zimmermann,Bruce,2020.0,2020.0
519455.0,Zimmermann,Jordan,2009.0,2020.0
450314.0,Zobrist,Ben,2006.0,2019.0
676604.0,Zuber,Tyler,2020.0,2020.0
572287.0,Zunino,Mike,2013.0,2020.0
543964.0,Zych,Tony,2015.0,2017.0
